Name,Email,Region,Signup_Date
Grant Castillo,stephaniewells@example.net,North,2024-04-27
Kirk Vance,mwilson@example.org,North,2024-08-29
Katherine Hendrix,walkerethan@example.net,North,2023-05-07
Carrie Lopez,wellsrobert@example.net,Unknown,2023-08-24
Derek Riley,jenniferpierce@example.net,East,2023-11-25
Brenda Mccall,trobinson@example.net,South,2024-01-02
Shawn Sherman,bradleyhouse@example.org,North,2024-09-02
Matthew Smith,christopher76@example.org,West,2024-12-14
John Guzman,wadebridget@example.net,West,2023-09-05
Lori Wallace,curtis16@example.net,Unknown,2023-07-01
Mary Clark,fcoleman@example.com,South,2024-08-31
Jasmine Flores,orivera@example.com,South,2023-07-31
Donald Flores,ronnie58@example.com,West,2024-07-11
Mrs. Amber Shah,jenniferanderson@example.net,East,2024-12-01
John Gordon,debra95@example.net,North,2024-07-15
Sara Dixon,amanda85@example.net,South,2025-03-04
Justin Giles,hernandezrenee@example.com,Unknown,2023-07-11
Denise Wright,xrowland@example.net,North,2024-02-23
Erika Peters,carlamercado@example.net,West,2024-08-04
Connie Rodriguez,jasonhahn@example.com,West,2024-08-20
Felicia Harris,hillandrea@example.com,Unknown,2024-05-16
Lisa Jordan,damon05@example.com,West,2024-08-20
Matthew Thompson,jocelyn24@example.com,South,2025-03-18
Amber Bates,jonathan79@example.com,West,2025-04-06
Melinda Nichols,hillricky@example.net,West,2024-01-28
William Ryan,erikaspencer@example.com,Unknown,2023-12-15
Tamara Pennington,kenneth82@example.org,Unknown,2024-11-15
Donna Smith,nicole54@example.org,East,2023-07-28
Ashley Butler,amyorozco@example.org,East,2025-03-08
William Nichols,robert53@example.org,East,2024-12-27
Danielle Jacobson,tracyjohnson@example.org,Unknown,2024-09-03
Heather Cummings,bpowell@example.org,East,2024-07-22
Cassandra Medina,anitaball@example.com,South,2023-07-12
Dr. Amanda Oliver,michaelsanchez@example.net,Unknown,2024-01-03
Keith Bradshaw,davidmoore@example.net,North,2025-04-17
Jenna Moreno,rnguyen@example.org,North,2024-09-25
Felicia Bray,christina19@example.net,East,2025-02-17
Allen Hubbard,ltaylor@example.org,Unknown,2024-12-20
Stephanie Perry,velasquezshannon@example.org,Unknown,2024-09-04
Jordan Cooper,jpalmer@example.org,West,2024-10-18
Keith Glenn,qthompson@example.com,Unknown,2023-05-17
Stephen Graham,janet64@example.net,South,2025-01-08
Debbie Dawson,william07@example.com,South,2024-08-09
Melissa Moody,nelsonmichael@example.net,East,2025-01-27
Jennifer Wilson,robertstiffany@example.org,North,2024-08-25
Melissa Brewer,ashley61@example.com,South,2023-05-15
Kendra Davis,hcunningham@example.net,East,2023-07-16
Dr. Michael Wright,acrawford@example.com,West,2023-10-27
Alexis Vega,murphystephanie@example.org,Unknown,2025-03-09
Michael Waters,robertharris@example.com,West,2023-09-24
Olivia Dunn,renee29@example.net,North,2023-12-08
Rebecca Holland,dsanchez@example.net,West,2024-05-07
Nicholas Vang,michael54@example.com,North,2024-02-28
Benjamin Ortega,phamerica@example.com,North,2025-01-06
Tamara Sherman,dale03@example.org,West,2025-01-19
Jessica Lowery,erinbutler@example.com,West,2023-07-02
Connor Wilson,ocombs@example.com,West,2023-07-08
Erica Bray,marksimpson@example.com,North,2023-08-06
Tamara Romero,angel29@example.com,North,2025-03-05
Charles Cherry,simpsonshane@example.org,South,2024-04-05
Jose Smith,jessica45@example.org,South,2023-06-04
Rebecca Anderson,yugabriel@example.net,South,2023-07-23
Darlene Turner,kathryn17@example.org,East,2023-12-14
Jerry Vaughn,hansenjonathon@example.net,East,2024-01-08
Karen Jones,mistyhernandez@example.org,Unknown,2023-07-15
Jeffery Hayes,sarahortega@example.com,South,2024-09-24
Mrs. Hannah Aguilar,davisolivia@example.com,Unknown,2023-11-18
Karen Howard,laurenwalker@example.net,Unknown,2023-12-12
Craig Jacobson,ryanhines@example.net,North,2024-07-14
Cory Hodge,uellis@example.org,Unknown,2024-09-02
Miguel Perez,phillip22@example.net,Unknown,2024-01-28
Margaret Freeman,erikcox@example.com,Unknown,2024-02-20
Jacqueline Chavez,qrobertson@example.org,South,2024-05-13
Diana Morrison,crosbydavid@example.org,East,2024-02-25
Brittany Boyer,whiteshannon@example.org,East,2024-06-26
Lauren Anderson,gregorytina@example.com,North,2025-01-02
Melanie Thompson,andreawoods@example.com,East,2024-08-14
Kenneth Grant,lindawalker@example.net,East,2023-07-18
Kenneth Miller,tjohnson@example.net,Unknown,2023-07-23
John Park,shannon85@example.net,Unknown,2024-07-06
Krystal Adams,marissa68@example.com,South,2024-09-23
Michael Cannon,jennifer34@example.org,Unknown,2024-04-08
Wendy Fitzgerald,ibrady@example.com,South,2025-02-23
Madison Lopez,nmartin@example.com,East,2023-08-02
Danielle Jenkins,anthonyjohnston@example.com,North,2025-04-19
Paul Jones MD,justinmurillo@example.com,East,2024-10-04
Brittany Garcia,tylerwilliams@example.net,West,2024-09-26
Sara Gonzalez,donald83@example.org,North,2024-07-04
Leah Reynolds,ambergentry@example.net,South,2025-03-11
Peggy Walters,jeremiahwood@example.org,Unknown,2023-09-17
Kelly Fisher,ashleymcknight@example.com,North,2024-11-29
Barbara Jensen,blairmeagan@example.org,North,2025-03-08
Lance Luna,baileyalyssa@example.org,South,2024-07-08
Jose Morris,goodmanemily@example.org,Unknown,2023-07-07
Scott Flores,keithashley@example.net,Unknown,2023-11-17
Kayla Orozco,handerson@example.org,South,2025-03-12
Claudia York,pbowers@example.com,South,2024-03-30
Rebecca Harris,ubrewer@example.com,South,2024-07-05
Tony Baker,charleskelly@example.org,North,2025-03-06
Ebony White,kingrichard@example.org,West,2023-09-10
Jasmine Reilly,perezbrooke@example.org,South,2024-03-25
Cristina Simmons,amccarthy@example.com,West,2024-08-29
Jose Morgan,pearsonrobert@example.net,East,2025-03-21
Jason Paul,sawyersean@example.org,Unknown,2024-07-07
Kelsey Lester,michael05@example.com,East,2024-10-22
Noah Russell,riosvictor@example.net,Unknown,2024-06-23
Sherry Johnston,jreeves@example.org,Unknown,2024-10-01
Timothy Marshall,jeffreyjones@example.net,South,2024-02-07
Bryan Mckay,carrieespinoza@example.org,North,2024-11-03
Nancy Bentley,kathleenmarks@example.com,East,2024-04-13
Melissa Hayes,zacharywells@example.net,East,2024-05-20
Ashley Turner,orivera@example.org,West,2023-10-26
Felicia Wood,peterwilliams@example.com,Unknown,2023-05-06
Mason Hill,piercelisa@example.org,North,2025-04-02
Summer Wheeler,edward54@example.com,Unknown,2024-10-21
Rodney Garcia,francisco05@example.com,West,2023-05-10
Eric Reeves,josephhodge@example.com,West,2024-06-18
Zachary Key,franklinruiz@example.org,South,2024-09-09
Dr. Karen Thornton,melissawong@example.org,Unknown,2024-09-12
Melinda Gray,wheelerdiana@example.com,South,2024-12-21
Sara Ellis,ryan61@example.net,South,2024-12-02
Leslie Hendricks,flowersdanielle@example.com,West,2024-01-13
Dr. Shelia White,wagnermichael@example.org,South,2025-02-17
Leah Garrett,bross@example.com,West,2024-11-29
Amy Snyder,matthewcain@example.com,North,2023-05-02
Amy James,joshua52@example.net,North,2023-12-04
Crystal Dunn,mark21@example.net,Unknown,2023-08-12
Theresa Hill,wardchristina@example.com,North,2024-08-23
Tiffany Page,powersmichelle@example.net,Unknown,2024-04-07
Angel Lin,urojas@example.org,West,2023-10-13
Scott Shannon,ycole@example.com,Unknown,2023-05-23
Cynthia Lowe,hernandezbarbara@example.com,West,2023-07-12
Brian Anderson,perezdonna@example.org,West,2024-11-04
Nathaniel King,olynch@example.org,East,2024-05-25
Danny Williams,nguyenstacey@example.org,South,2023-07-07
Anthony Klein,ravenlewis@example.com,Unknown,2025-04-14
Amy Willis,jessica78@example.com,West,2023-10-28
Mr. Jose Webb MD,jacobrose@example.net,North,2024-05-06
Stephanie Silva,stanleyfrank@example.com,West,2024-05-10
Victoria Acevedo,staceyharrington@example.com,West,2024-10-30
Carlos Clarke,masonsamantha@example.net,North,2023-09-29
Rebecca Campbell DDS,adavid@example.net,West,2024-03-22
Mary Mullins,williamsmeagan@example.net,East,2023-07-16
Victoria Solis,pwright@example.net,West,2024-11-20
Kristin Roberts,dunnjesse@example.com,Unknown,2023-11-13
Barry Guzman,robertjohnson@example.com,East,2024-04-12
Donna Carroll,barbara72@example.com,South,2024-05-04
Terry Gutierrez,romerovictoria@example.org,Unknown,2024-12-15
Denise Estrada,neallisa@example.org,Unknown,2024-02-17
Barbara Carlson,amberhernandez@example.com,North,2023-04-23
Brandon Wells,robinsonrichard@example.com,West,2024-06-29
John White,edwardwarren@example.org,West,2023-06-27
Brian Anderson,chrisdaniels@example.com,West,2023-08-26
Jermaine Campos,bradley81@example.com,South,2025-04-11
Zachary Owens,joseph78@example.net,South,2025-01-04
Brandi Wood,elizabeth97@example.com,Unknown,2024-03-28
Joshua Ramirez,brittanycole@example.org,East,2024-04-16
Deborah Nguyen,cynthia08@example.org,Unknown,2024-05-22
Deborah Scott,ann86@example.org,South,2024-12-04
Chris Brock,john58@example.org,North,2025-03-11
Kenneth Mclaughlin,norrismichael@example.com,West,2024-12-23
James Olson,cunninghamphilip@example.com,North,2024-06-21
Amanda Bradley,rachel68@example.net,South,2024-07-30
Melvin Madden,amanda73@example.org,Unknown,2023-08-17
Derek Ramos,cwallace@example.net,Unknown,2024-04-06
Evan Coleman,twright@example.net,West,2024-05-21
Kevin Reid,barbaraheath@example.org,West,2025-01-02
Amy Steele,rholland@example.com,Unknown,2024-08-08
Matthew Smith,zimmermanerin@example.org,Unknown,2023-06-07
Jacqueline Garcia,christyboyer@example.net,Unknown,2024-06-10
Michele Roberts,ruthbrandt@example.org,North,2024-08-12
Michele Adams,rickyhancock@example.net,West,2023-10-10
Kathy Cordova,bpitts@example.org,East,2024-01-26
Justin Parsons,brian70@example.org,East,2024-03-22
Michael Martinez,gonzalesmichele@example.net,East,2023-07-05
Johnathan Cruz,amack@example.net,South,2025-03-19
Theresa Beasley,jensenjacqueline@example.net,West,2023-06-07
Kayla Miller,joegallagher@example.org,West,2024-10-18
Joseph Morgan,owenstheresa@example.com,North,2023-06-07
Jimmy Russell,yangtiffany@example.net,South,2024-10-20
Samantha Williams,audrey26@example.com,West,2024-05-14
John Pena,kristengarcia@example.net,Unknown,2024-06-02
Vincent Lowe,xchase@example.org,East,2023-08-01
Cassandra Sloan,dmcintyre@example.net,South,2025-01-03
Adam Caldwell MD,garciamarcus@example.net,South,2024-09-26
Laura Carroll,christopher08@example.com,East,2024-08-09
Laura Campbell,jonathan13@example.net,Unknown,2024-02-09
Morgan Davis,laura20@example.net,South,2023-06-25
Alejandra Reed,kimberlystone@example.net,East,2023-08-24
Lisa Mclean,michaelmartinez@example.com,West,2023-12-18
Alison Dougherty,ayerswanda@example.net,South,2024-10-10
Heather Jones,samanthacrawford@example.com,West,2024-09-22
Derek Ellis,denise85@example.net,North,2025-01-31
Crystal Hunt,iperez@example.org,East,2025-01-11
Karen Watson,gstein@example.org,Unknown,2025-03-14
Linda Flores,shelby53@example.org,Unknown,2024-10-06
Pamela Ramirez,williamsbradley@example.com,West,2023-09-16
Joseph Torres,rrodgers@example.net,Unknown,2023-07-04
Shannon Greer,erinnelson@example.com,Unknown,2023-09-11
Daniel Santos,john14@example.org,North,2023-08-13
Anna Nelson,april10@example.net,South,2024-10-18
Anne Anderson,charles95@example.net,West,2025-01-09
Fernando Sampson,tanyajohnson@example.com,East,2024-04-27
Sharon Peterson,margaretvaughn@example.org,South,2024-09-30
Emily Gomez,vmartinez@example.com,Unknown,2023-05-03
Lauren Koch,lclark@example.net,West,2023-08-15
Jessica Lane,gcraig@example.net,South,2024-11-28
Daniel Perkins,williamsalexandria@example.net,North,2025-03-14
James Thomas,annette65@example.com,Unknown,2023-09-20
Reginald Harmon,jwood@example.net,East,2024-12-05
Brenda Roman,nelsonchelsey@example.net,East,2024-07-10
Jacob Williams,rallen@example.net,Unknown,2023-08-20
Justin Booker,michael12@example.net,Unknown,2025-04-04
Raven King,odoyle@example.org,Unknown,2024-07-07
John Sparks,ronald32@example.org,South,2024-10-01
Michelle Hernandez,guzmangerald@example.org,East,2024-11-04
Kathleen Gaines,kristina40@example.org,West,2023-08-30
Jeffrey Walters,samanthahenderson@example.com,West,2024-04-13
Ashlee Perez,wellsalexandra@example.org,South,2024-11-24
Todd Williamson,robin97@example.net,East,2024-06-04
Monica Williams,wmitchell@example.org,Unknown,2024-02-06
Steven Shaw,jonathanmoran@example.com,West,2023-10-19
Melissa Webb,kmaxwell@example.net,North,2023-04-24
Kelly Daniels,abigailjackson@example.com,West,2023-09-25
Dawn Simpson,roachrodney@example.com,Unknown,2024-05-10
Barbara James,roy34@example.net,North,2025-03-16
Jennifer Baker,williamlarson@example.net,East,2024-02-21
Jennifer Johnson,caitlinherrera@example.org,North,2025-03-09
Charles Moore,nancy68@example.net,North,2024-12-30
Alexandra Baird,emilymorris@example.net,South,2023-09-24
Mary Fritz,brittany51@example.com,Unknown,2023-11-01
Jared Sanchez,angelatorres@example.com,West,2023-12-10
David James,patriciarobertson@example.org,Unknown,2024-03-22
Brian Hoffman,tracycook@example.org,Unknown,2024-11-05
Kenneth Rice,qmarsh@example.org,North,2023-09-23
Kevin Porter,sarahester@example.com,West,2023-11-18
Adam Cochran,tlester@example.com,East,2023-09-13
Steven Blackwell,charlesfisher@example.net,East,2023-05-07
Heather Becker,stephenrobertson@example.org,West,2024-03-23
Kevin Fernandez,burkechristina@example.org,West,2024-02-04
Katherine Goodwin,glennruben@example.net,Unknown,2024-05-21
Jonathan Smith,aliciabaldwin@example.com,South,2024-06-26
Amber Hendrix,juan90@example.org,West,2023-05-12
Nicholas Farmer,rayrobert@example.org,North,2024-09-13
Sandy Owen,breanna69@example.org,West,2023-08-02
Lisa Campbell,hooveramanda@example.org,South,2023-08-28
Lisa Perez,parkariel@example.org,North,2024-06-04
Jeffrey Cordova,tannerdaniel@example.net,Unknown,2025-01-01
Renee Johnson,maxwellaudrey@example.net,South,2025-02-08
Cheryl Mcdaniel,simonbrian@example.com,East,2025-04-21
Bobby Hernandez,jonathonhenderson@example.net,North,2023-09-09
Catherine Jones,elizabeth02@example.org,Unknown,2023-08-16
Robin Smith,hayesjames@example.com,West,2023-06-21
Mark Frazier,nataliealexander@example.org,East,2023-08-22
Troy Allen,lpatel@example.com,West,2024-03-10
Melissa Clark,romanedward@example.org,North,2024-04-15
George Tucker,johnstontammy@example.org,North,2024-08-13
Patrick Baker,bgarcia@example.org,South,2023-06-29
Kathleen Martinez,fuentestyler@example.org,South,2025-04-19
James Stewart,hartmanjennifer@example.org,Unknown,2023-08-21
Todd Flowers,savagediana@example.org,East,2025-04-03
Scott Wilkinson,collinslisa@example.org,West,2024-07-24
Carol Perez,medinaallison@example.com,South,2024-07-06
Haley Daniels,wintersjean@example.com,Unknown,2024-06-18
Joshua Wolf,maria66@example.com,East,2024-11-26
Joseph Lawson,bblackwell@example.com,West,2025-01-05
John Lopez,colemandavid@example.net,West,2025-04-04
Derrick Morales,diana21@example.com,East,2024-03-29
Christopher Mcclure,kimberly15@example.com,North,2023-09-01
Alan Lee,thomasmitchell@example.com,East,2024-08-06
Rachel Green,woodthomas@example.org,East,2024-11-09
Ronald Hodges,unorton@example.org,East,2024-03-08
Charles Brooks,mitchellsheila@example.com,South,2023-12-17
Dr. Mary Brennan,thomas67@example.net,North,2024-12-02
Jodi Kerr,ycarter@example.net,Unknown,2024-09-30
Aaron Norman,petersontimothy@example.org,East,2024-12-21
Tim Lynch,sara08@example.org,South,2024-01-16
Alexa Mccann,mitchellevelyn@example.net,East,2024-10-10
Bryan Murphy,amytaylor@example.com,South,2023-09-09
Frank Jones,bcarter@example.com,West,2023-12-24
Tina Diaz,cody36@example.org,East,2024-11-08
Tara Brewer,pelliott@example.net,North,2023-09-04
Jasmin Coleman,ericweaver@example.org,West,2023-06-23
Raymond Foley,rebeccabates@example.net,East,2023-10-30
Linda Flores,marcusmaddox@example.net,East,2024-07-27
Vincent Singleton,dchristensen@example.com,East,2024-05-20
Nathan Wagner,jacksonvanessa@example.com,East,2025-02-09
John James,patrick78@example.net,North,2024-05-11
Albert Howard,sanderstammy@example.net,East,2023-05-31
Michael Miller,xmiller@example.net,North,2023-06-15
Tina Williams,harmonchristopher@example.com,East,2025-03-27
David Hodges,lisa56@example.net,North,2023-12-30
Connie Lynch,maureen17@example.com,West,2025-03-21
Jennifer Tapia,jonathan64@example.com,Unknown,2024-07-14
Charles Elliott,nancyanderson@example.net,Unknown,2024-11-02
Christie Stewart,heatherhobbs@example.com,South,2023-05-05
Jimmy Zavala,robertharvey@example.net,West,2025-01-30
Mr. Robert Smith,timothyjenkins@example.com,East,2025-04-03
April Wilkins,anthony31@example.com,East,2023-10-06
Bob Stevenson,belinda96@example.org,Unknown,2024-03-07
Melissa Watson,millererika@example.org,North,2023-07-01
Natalie Kim,raymond48@example.net,North,2023-10-26
Heather Elliott,gwilson@example.com,North,2025-02-11
Scott Patel,brandonsosa@example.net,Unknown,2023-08-28
Joseph Shelton,carlsonlori@example.org,Unknown,2023-07-28
Sherry Barnes,ashleyhughes@example.com,Unknown,2024-10-06
Rachel Gonzales,romerovictoria@example.org,South,2023-07-07
Ian Gonzalez,pshort@example.org,Unknown,2025-02-12
Desiree Harris,amandanavarro@example.org,South,2024-07-30
William Wallace,michaelclark@example.org,South,2024-01-23
Shawn Jefferson,nicolejones@example.org,Unknown,2023-12-26
Tracy James,michael79@example.com,North,2024-09-26
Gregory Solomon,smithjennifer@example.net,Unknown,2025-03-18
Jennifer Brewer,robert17@example.com,North,2024-08-25
Karen Anderson,carol07@example.net,West,2023-08-28
Jessica Stafford DDS,morrowcynthia@example.net,West,2024-07-24
Kristin Jimenez,alexandria41@example.com,Unknown,2023-12-12
Timothy Nguyen,bgarcia@example.com,East,2024-04-17
Travis Donovan,dillon48@example.org,East,2023-06-12
John Cline,monica60@example.net,North,2024-05-02
Jeremy Lee,yjohnson@example.org,Unknown,2023-10-04
Kelly Salinas,blewis@example.com,West,2024-02-04
Tanya Smith,makaylarodriguez@example.com,West,2023-06-24
Carlos Ramirez,andersonnicholas@example.org,East,2024-08-07
Alexander Gomez,smithanthony@example.com,East,2024-10-20
Sharon Roberts,nathan49@example.org,West,2024-12-03
Brenda Jacobs,cfields@example.org,North,2023-05-05
Jeremy Crawford,christopher60@example.org,East,2024-03-08
Brendan Smith,michaelboyer@example.com,Unknown,2023-09-15
Jeffrey Booker,estevens@example.org,North,2024-06-19
Kimberly Vega,djames@example.org,West,2024-06-23
Brett Sanchez,brandygreer@example.net,East,2023-11-16
Michelle Chavez,debra75@example.net,Unknown,2024-12-12
Edward Preston,hkelly@example.net,West,2025-02-08
Lisa Chavez,jasoncrosby@example.com,Unknown,2024-11-25
Allison Hughes,xjones@example.com,Unknown,2023-08-06
Emily Miller,keith27@example.org,Unknown,2023-12-05
Brooke Baker,anthonyrodriguez@example.com,Unknown,2024-08-18
Angela Watson,victoriadavis@example.org,Unknown,2024-06-03
Kyle Medina,awright@example.org,East,2024-07-21
Melissa Reid,williamsdanny@example.net,South,2025-01-27
Amber Baird,millerrichard@example.net,West,2023-12-04
Emily Bennett,kyleespinoza@example.com,North,2024-06-15
Nicole Marks,jparker@example.com,West,2023-08-06
Dr. Jay Foster DDS,jameszamora@example.org,East,2024-01-08
Richard Noble,brandon34@example.com,Unknown,2023-12-29
James Murphy,wheelerdavid@example.net,South,2024-11-20
Megan Hernandez,cgarza@example.com,North,2023-12-10
Kimberly Cruz MD,wattsjustin@example.net,West,2024-03-20
Amy Henry,cohenevan@example.com,South,2024-11-27
Robert Griffith,jackhebert@example.com,West,2024-05-25
Ashley Mcgee,paulakim@example.org,Unknown,2024-08-19
Virginia Edwards,andrew55@example.net,North,2024-10-10
Jennifer Mcbride,melissaingram@example.org,North,2023-12-20
Robert Day,sarah90@example.com,East,2024-04-02
Brandon Jones,terryshannon@example.com,South,2024-03-16
Elizabeth Osborne,aaronnelson@example.net,East,2024-01-19
Ann Reeves,mahoneymichael@example.com,North,2024-12-11
Jill Reyes,clarkjill@example.org,North,2023-12-17
Audrey Wilkinson,christopherjohnson@example.com,Unknown,2024-04-19
Brittany Coleman,pamelacallahan@example.com,East,2023-06-25
Chad Stewart,amy24@example.net,West,2024-01-05
Cody Jones,angelasmith@example.com,North,2025-01-04
Leah Flores,jason50@example.org,West,2024-10-12
Micheal Simpson,munozlynn@example.net,West,2024-11-10
Michelle Moore,tiffany85@example.net,South,2024-10-21
Victoria Parks,martinezharry@example.net,Unknown,2025-01-04
Julie Pittman DVM,claire98@example.com,South,2023-05-21
Nathan Phelps,michael08@example.com,South,2025-04-20
Pam Jones,qstone@example.org,South,2024-09-24
Christopher Drake,mcguiremike@example.com,North,2024-09-18
Brenda Greene,patrickdouglas@example.org,West,2024-09-18
Jessica Miller,charlesdavid@example.org,Unknown,2023-08-23
Karen Brown,whitejeremy@example.net,Unknown,2024-10-25
Monica Johnson,ddavis@example.org,East,2024-04-07
Zachary Porter,moralesleslie@example.org,South,2023-06-02
William Clark,cisnerosjonathan@example.org,East,2023-10-05
Monica Martinez,rossamy@example.net,East,2023-12-31
Emily Petersen,samuel24@example.org,West,2024-02-24
Monique Anderson,kpena@example.net,North,2024-12-02
Kevin Gregory,michaelbecker@example.com,West,2024-04-08
Dawn Chavez,shaney@example.net,North,2025-02-03
Erica Perez,ochoaaaron@example.org,South,2024-09-29
Terry Garcia,nashelizabeth@example.com,South,2023-12-25
Kenneth Choi,alyssaclements@example.org,East,2024-09-22
Amy Jackson,kjohnson@example.org,East,2024-03-24
Angela Knight,ybriggs@example.org,West,2025-03-31
Edwin Beck,jasonhenry@example.org,North,2024-11-21
Melissa Obrien,iwelch@example.org,North,2023-07-03
Jenny Livingston,bhaynes@example.net,West,2023-08-09
Troy Hayes,zachary07@example.org,Unknown,2024-03-29
Isaac Jones DDS,suefloyd@example.net,Unknown,2023-09-18
Dawn Perez,brian07@example.com,East,2024-11-16
Victoria Davis,jamesgutierrez@example.org,West,2023-07-25
Stephanie Buckley,sarah65@example.net,North,2024-04-13
James Espinoza,marcthomas@example.com,East,2023-11-29
Kimberly Allen,isaiah13@example.com,Unknown,2024-01-21
Richard Dougherty,monica11@example.com,Unknown,2024-04-21
Jeffrey Briggs,matthew73@example.com,South,2025-01-16
Andre Lewis,dennis59@example.com,West,2023-12-16
Kari Williams,yfarmer@example.net,South,2023-06-21
Tara Rivera,tiffany94@example.org,North,2025-02-07
William Johnson,kyle75@example.com,Unknown,2024-05-08
Daniel Francis,fsullivan@example.org,South,2023-07-14
Corey Munoz,mcmillanjonathan@example.com,Unknown,2024-10-19
Patricia Davis,briannash@example.net,West,2023-12-08
Thomas Mckinney,oadams@example.com,West,2024-12-20
Benjamin Dunn,christopher85@example.com,West,2023-07-09
Brenda Martinez,sergiogarcia@example.com,Unknown,2024-01-07
Yvonne Washington,nicholaskeith@example.org,East,2024-03-19
Lisa Johnson,nancythompson@example.net,West,2024-11-01
Jason Thomas,whitepamela@example.org,Unknown,2024-06-01
Shelly Quinn,zserrano@example.com,West,2024-02-16
Joanna Solis,julie04@example.org,North,2024-03-02
Deanna Day,downspaula@example.com,North,2024-05-30
Jamie Rocha,gkaiser@example.org,East,2025-03-10
James Tucker,hmorris@example.org,West,2024-02-29
Marisa Allison,kentshannon@example.net,West,2023-07-23
Mark Wang,zenglish@example.com,West,2025-02-12
Dawn Haynes,parkheather@example.net,South,2024-11-06
Anthony Martinez,vharris@example.com,East,2024-09-12
Miss Jasmine Dean,thompsonterri@example.com,South,2023-12-04
Michelle Guerra,davismichael@example.com,Unknown,2024-08-26
Laura Jenkins,henryprice@example.com,Unknown,2023-10-22
Sandra Brady,ianlittle@example.org,East,2024-08-04
Clayton Williams,freemantrevor@example.com,South,2023-11-12
James Allen,dsavage@example.com,West,2024-09-02
Joseph Russell,heatherwilson@example.com,West,2024-10-10
Sharon Smith,jessicadominguez@example.net,East,2024-05-07
Robert Mosley,thomasjoseph@example.com,South,2023-12-07
Jonathan Thomas,ogardner@example.com,North,2025-01-11
Mary Johnson,wwilliams@example.org,Unknown,2023-06-18
Carol Evans,qbarnett@example.net,Unknown,2024-09-09
Jane Jones,michaelharper@example.net,West,2023-05-16
Connie Bond,nielsengary@example.org,North,2023-06-28
Juan Morgan,wilsonmartin@example.org,East,2025-01-11
Benjamin Espinoza,ismall@example.com,East,2025-01-24
William Ochoa,andersonlori@example.net,West,2024-11-30
Nicholas Molina,vweber@example.com,South,2023-12-29
David Carrillo,guzmangary@example.org,East,2025-03-30
Angel Cook,ericparks@example.net,Unknown,2025-01-12
Thomas Woods,baxterashley@example.com,North,2025-02-08
Carl Reed,bobbyrivera@example.net,North,2023-05-24
Leslie Thompson,austinjohn@example.org,West,2024-07-23
Patricia Douglas,tammybutler@example.com,West,2024-01-20
John Gardner,randy15@example.com,West,2023-08-13
Jacob Lewis,tyrone41@example.net,East,2024-10-20
Patricia Walker,floresamy@example.com,North,2023-09-28
Paul Johnson,james01@example.net,South,2024-05-14
Karen Fisher,joycetorres@example.net,North,2023-07-18
James Schaefer,shawn97@example.org,West,2023-05-24
Justin Gutierrez,yharris@example.com,West,2024-11-15
Donna Walker,uramirez@example.org,North,2023-10-24
Jacqueline Dennis,randrews@example.com,East,2024-07-25
Jay Smith,vaguirre@example.net,South,2024-11-17
Cynthia Washington,rhodesashley@example.net,Unknown,2023-10-10
Jeremy Smith,beardmark@example.com,South,2024-06-22
Stephen Butler,larry24@example.com,East,2024-09-08
Valerie Anderson,perezwilliam@example.net,North,2023-08-25
Amy Torres,benjamin49@example.com,East,2024-04-26
Stephanie Murray,mark82@example.org,Unknown,2025-01-02
Jeffrey King DVM,housecynthia@example.net,East,2025-04-08
Heather Martin,ericchavez@example.net,North,2023-07-27
Larry Ryan,sean90@example.com,East,2023-10-01
Catherine Saunders,cookmichele@example.org,South,2024-01-25
Susan Hayes,jonesbrandon@example.org,West,2023-12-09
Katie Kennedy,julian38@example.net,North,2025-01-30
Oscar Thompson,christopher50@example.org,West,2024-05-17
Laura Johnson,zlopez@example.org,East,2024-05-13
Lee Molina,jorgeharris@example.net,Unknown,2024-11-23
Kelly Stewart,hancockjoshua@example.org,South,2024-10-28
Carol Neal,danny79@example.com,South,2025-04-20
Christopher Kaufman,ocoleman@example.org,North,2023-05-06
David Peters,russellpearson@example.org,South,2024-10-18
Angela Moore,charlotteoneill@example.com,Unknown,2023-11-25
Michael Palmer,ngarcia@example.org,North,2024-11-16
Carlos Johnson,john23@example.net,West,2024-06-08
Anita James,mitchellwhitaker@example.com,Unknown,2024-10-06
Lindsay Hebert,williamssusan@example.net,North,2024-06-08
Kimberly Jones,snowamanda@example.com,East,2024-11-06
Casey Burns,kayla57@example.org,Unknown,2023-05-05
Patrick Cook,nallen@example.net,South,2023-12-24
Gina Pierce,brookesimpson@example.com,North,2024-07-10
Matthew Brewer,heatherpeters@example.org,East,2023-08-31
Amanda Valdez,hardykelly@example.com,South,2024-08-09
Teresa Duffy,turnerjessica@example.net,East,2024-06-29
Joseph Becker,torresvirginia@example.net,Unknown,2023-07-09
Melissa Roberts,zdixon@example.org,Unknown,2024-07-26
Gerald Brown,sydneyhuffman@example.com,South,2024-08-24
Thomas Williams,armstrongmarie@example.com,South,2024-10-15
Alexis Hamilton,awilson@example.net,Unknown,2024-03-29
Karen Marshall,anthonyflynn@example.com,North,2023-06-09
Juan Garrett,steven28@example.com,East,2024-11-29
Karen Jennings,david88@example.net,West,2024-11-06
Joseph Rodriguez,mayobryan@example.org,West,2024-02-19
Holly Wells,aespinoza@example.com,West,2025-04-13
Leslie Lloyd,courtneyconner@example.com,West,2024-02-14
Jason Blackwell,bgiles@example.org,East,2023-05-27
Jonathan Miles,ewelch@example.net,East,2025-01-26
Eugene Sanchez,fjarvis@example.org,East,2024-08-01
Amber Garrison,johnallen@example.com,South,2025-02-07
Kyle Johnson,crystalavila@example.org,South,2023-08-23
Travis Lopez,butlerjavier@example.org,South,2023-11-06
Luis Davidson,wguzman@example.org,East,2025-03-15
Susan Shaw,chasekramer@example.com,Unknown,2024-02-06
Carlos Mcdaniel,colliertaylor@example.net,West,2024-08-17
James Bates,aconway@example.net,Unknown,2025-04-02
Troy Medina,egray@example.com,West,2024-08-22
Amy Rivas,scotthowell@example.net,East,2023-07-18
Nicole Benson,ronaldmolina@example.com,West,2023-05-04
Debra Morgan,perkinsmatthew@example.com,East,2024-04-24
Morgan Prince,myerspaula@example.net,Unknown,2024-01-26
Seth Smith,tiffanycox@example.net,North,2025-04-18
Todd Spencer,dfletcher@example.org,East,2023-11-26
Robert Shepherd,james20@example.org,South,2024-03-10
Jason Vance,xwilliams@example.org,Unknown,2025-01-02
Melissa Conley,sampsonallison@example.com,South,2024-12-31
Abigail Blackwell,traci64@example.org,East,2024-05-05
Philip Carney,eric55@example.net,West,2025-01-04
Karen Williams,harrismelissa@example.net,East,2025-04-06
Cynthia Lewis,wwilliams@example.net,Unknown,2023-10-08
Scott Nolan,scott19@example.net,East,2023-07-28
Shannon Ochoa,barrisabella@example.net,Unknown,2024-03-22
Barry Byrd,igarrison@example.com,North,2023-08-04
Douglas Escobar,xperkins@example.org,Unknown,2024-06-29
Dan Bartlett,wheelertaylor@example.net,Unknown,2023-11-02
Anthony Evans,adrian09@example.net,Unknown,2025-02-23
Monica Farley,sriddle@example.com,South,2023-09-03
Lance Alvarado,qhart@example.com,West,2023-08-02
Eugene Brown,stephen40@example.org,West,2024-12-03
Shawn Hansen,hurleyjames@example.com,West,2024-02-29
Jake Shields,jeremy01@example.com,North,2023-09-17
Timothy Williams,mgray@example.net,Unknown,2024-12-06
Rose Dunn,ryanrandall@example.net,Unknown,2024-12-16
Cody Montgomery,haleymann@example.com,West,2024-03-18
James Allen,jenniferdouglas@example.com,East,2023-08-02
Ashlee Gomez,zgray@example.net,East,2024-06-18
Heather Lynch,ycarter@example.com,South,2023-09-18
Jennifer Williams,jennifer44@example.org,East,2023-10-05
Joyce Bray,claytondiane@example.org,West,2025-02-13
Theresa Martinez,julia23@example.org,East,2025-03-22
Tiffany Savage,stephaniesmith@example.org,Unknown,2024-09-25
Ryan Evans,richardmonroe@example.com,East,2024-11-29
Dana Rios,robert79@example.com,East,2023-06-07
Chloe Powell,oliviabarnett@example.net,East,2024-02-20
Michael Williams,chadhumphrey@example.org,Unknown,2023-06-04
Jessica Stone,hardingjonathan@example.org,East,2023-09-02
Michael Jefferson,julia51@example.org,Unknown,2023-11-11
Susan Weber,david23@example.org,North,2024-10-20
Amy Andrews,elizabethpham@example.org,North,2024-06-14
Christina Chapman,harperstephanie@example.net,Unknown,2024-11-23
Wayne Alvarez,wbrady@example.net,West,2025-01-28
Brian Burnett,angelamcdonald@example.com,East,2024-11-16
David Page,wbaldwin@example.com,North,2024-06-13
Mark Price,hannahbailey@example.com,North,2024-05-29
Walter Green,ohernandez@example.com,South,2023-08-25
Heather Howell,sosathomas@example.org,East,2023-11-09
John Jones,william10@example.com,East,2023-12-01
Marisa Martinez,jcasey@example.com,Unknown,2023-04-30
Angela Rodriguez,dphillips@example.net,South,2023-11-21
Eugene Bishop,cory87@example.com,South,2023-06-16
Jason Lawrence,burkejoel@example.com,West,2023-09-30
Robert Allen,deborahkelly@example.net,North,2024-02-28
Steven Mcdonald,agilbert@example.org,Unknown,2024-05-24
Jordan Glass,cookjoshua@example.net,Unknown,2024-02-06
Wesley Tanner,daniellethomas@example.net,West,2024-04-30
Patricia Oliver,hthompson@example.org,East,2023-12-13
Xavier Miller,vickifritz@example.org,East,2023-06-17
Gabriel Savage,colleenmccarty@example.org,North,2024-12-22
Robert White,evansdiana@example.net,South,2024-09-26
Matthew Smith,deborah92@example.org,East,2023-11-24
Henry Lopez,bramirez@example.com,East,2024-07-16
Deborah Rush,millerjessica@example.org,East,2024-08-14
Hunter Jones,tara65@example.net,South,2023-09-20
Michael Freeman,steven15@example.org,Unknown,2023-12-14
Nathan Cole,andrearich@example.net,West,2024-12-11
Levi Baker,drose@example.com,South,2023-09-09
Amanda Robles,chelsea73@example.net,Unknown,2024-01-12
Amber Harris,jameshardin@example.org,Unknown,2023-05-16
Grace Poole,grant02@example.org,Unknown,2023-09-25
Andrea Thompson,stephaniebest@example.net,South,2023-10-01
Jeffrey Campbell,ericking@example.com,North,2023-05-20
Keith Ross,robertoglover@example.org,West,2024-11-15
Larry Keith,thomasstephanie@example.com,North,2023-09-16
Angela Johnson,josephsmith@example.com,West,2024-11-16
Daniel Cunningham,griffithjesse@example.com,East,2024-11-18
Matthew Avila,leahbrown@example.com,North,2023-10-23
Barbara White,salazarashley@example.com,North,2023-12-20
Melissa Johnson,martinezdana@example.net,Unknown,2024-12-18
Warren Marquez,david48@example.org,North,2024-02-21
Brad Compton,keithcraig@example.net,East,2024-03-12
Christine Jefferson,hamiltonkatie@example.com,West,2025-01-14
Nicholas Ward,melissapowers@example.net,West,2024-02-11
Debra Allen,williamhendricks@example.net,West,2023-10-07
Rhonda Yoder,johnsonapril@example.com,Unknown,2024-06-06
Wendy Williams,christophercalhoun@example.net,North,2024-05-19
Nathan Hart,lauren67@example.net,Unknown,2024-11-18
Kenneth Williams,joe60@example.org,North,2023-05-25
James Allen,victoria17@example.com,West,2024-05-24
Julia Smith,karenmartin@example.net,Unknown,2024-12-28
Harry Dorsey,millermichelle@example.com,West,2023-08-12
David Harris,lynnjones@example.com,North,2025-02-14
Yesenia Blair,fpugh@example.org,North,2024-06-15
Stephanie Lee,rodriguezlisa@example.org,North,2024-01-05
Danielle Cuevas,zlozano@example.net,South,2024-01-16
Joshua Armstrong,rcarroll@example.com,East,2024-04-07
Ryan Alexander,kandrews@example.org,East,2024-03-21
Andrew Bennett,webernathan@example.net,Unknown,2025-01-26
Terry Clark,josephmorris@example.org,North,2025-01-10
Michael Russell,joelbrown@example.net,South,2023-11-02
Veronica Baker,angela38@example.org,West,2024-08-15
Mary Hawkins,ydixon@example.net,West,2024-12-22
Joshua Ward,thomashenry@example.org,South,2024-02-20
Chad Golden,nicole66@example.com,South,2024-07-24
Jillian Phillips,ronald95@example.org,West,2024-12-02
Robert Odonnell,ramosashley@example.com,West,2023-04-27
Michelle Wheeler,taraprice@example.org,South,2024-12-04
Alvin Fox,reyesnancy@example.net,North,2023-06-01
Holly Peterson,gcervantes@example.org,North,2023-12-12
Katherine Kim,anna05@example.net,North,2023-05-07
Deborah Wilson,dbates@example.org,Unknown,2024-12-04
Erica Adkins,danielparker@example.org,West,2023-07-16
Gail Kelly,sarahstone@example.net,East,2024-02-16
Briana Martinez,zacharyperez@example.org,West,2025-01-09
Anthony Clark,ana71@example.com,South,2024-02-04
William Goodman,kroberts@example.com,East,2023-05-29
Julie Tyler,roberthensley@example.org,Unknown,2024-07-12
Ariel Taylor,gary73@example.org,East,2024-08-27
Hunter Buchanan,chadhendricks@example.net,North,2024-10-25
Bryan Lee,smithherbert@example.org,East,2024-10-09
Kevin Porter,walkerderek@example.org,West,2024-11-03
Jaclyn Flores,john74@example.com,South,2025-04-08
Lisa Nelson,tracyrodriguez@example.org,Unknown,2023-09-02
Jennifer Oneill,michaelcruz@example.org,East,2024-10-14
Larry Thomas,ncraig@example.com,West,2025-02-27
Michael Carter,mariah89@example.org,East,2024-12-30
Julie Adams,brookedavis@example.org,West,2024-04-26
Jason Perez,ewingapril@example.org,North,2024-12-22
Rachael Rose,heatherwright@example.com,North,2023-07-04
Benjamin Brooks,psmith@example.org,North,2025-01-13
Carolyn Matthews,sleonard@example.net,South,2023-04-25
Elizabeth Dominguez,boydkenneth@example.net,South,2025-01-19
Loretta Woods,zmosley@example.org,Unknown,2023-10-03
Jimmy Smith,jamescole@example.com,West,2025-02-13
Meghan Garcia,pbennett@example.org,East,2024-04-18
Bruce Sanchez,huntchristopher@example.org,North,2023-11-18
Austin Davis,michaelrichardson@example.com,South,2023-05-29
Leah Griffin,paceashley@example.com,East,2023-12-10
Michael Cole,thomas85@example.org,East,2024-02-24
John Smith,wjones@example.net,South,2024-01-23
Abigail Harper,nicholastucker@example.net,North,2025-02-09
Richard Wilson,stevensjoseph@example.org,North,2025-02-08
Wendy Smith,danielle29@example.net,Unknown,2023-07-20
Gregory Mathews,joseph63@example.com,South,2023-05-30
Joel Thomas,christine10@example.org,East,2024-07-23
Monica Landry,noahbrown@example.com,North,2024-02-10
Robert Conner,anna27@example.com,South,2024-05-22
Sharon Walsh,matthewcarlson@example.org,Unknown,2023-09-06
Michael Williams,cmays@example.net,Unknown,2024-09-06
Mark Guerra,cynthia49@example.org,West,2024-04-12
Beverly Taylor,graymikayla@example.org,Unknown,2024-08-04
Katherine Brandt,robinsonnorman@example.org,West,2024-11-20
Danielle Alvarado,pmeyer@example.org,West,2023-10-27
Kristen Dodson,dereksmith@example.org,North,2025-03-17
Timothy Martinez,hughesheidi@example.net,North,2023-08-06
Carol Williams,heather70@example.net,North,2023-11-01
David Brooks,brownashley@example.net,Unknown,2024-05-19
Adam Soto,sophia33@example.com,North,2024-11-24
Anthony Haas,daniel45@example.org,West,2023-10-16
Sharon Smith,heatheryoung@example.net,West,2024-09-26
Spencer Lang,rharris@example.com,West,2024-02-20
Christian Miranda,cohentara@example.net,South,2023-10-11
Thomas Scott,christina71@example.org,South,2024-05-30
Gary Thomas,courtney84@example.com,North,2023-04-29
Johnathan Warner,jamespowers@example.net,West,2023-11-02
Gabriel Ruiz,sarah31@example.com,South,2023-10-30
Laura Avila,shelby47@example.org,Unknown,2024-12-14
Emily Brown,freemanlinda@example.com,North,2024-08-08
Sherry Simpson,martindeanna@example.org,Unknown,2023-07-02
Benjamin Shepard,tbrown@example.org,West,2024-06-08
David Juarez,mia29@example.net,South,2024-09-25
Michelle Richardson,michael78@example.com,West,2023-07-22
Ann Bell,jodiwise@example.com,East,2023-04-26
Joshua Diaz,pdaugherty@example.com,North,2023-05-18
Jason Juarez,bsanders@example.net,West,2023-07-28
Donald Kirby,oolsen@example.net,North,2024-06-12
Angela Gonzales,michaelvelasquez@example.com,East,2024-12-11
Brian Campbell,ivega@example.net,Unknown,2023-12-01
Brittany Green,gibsonmindy@example.net,South,2023-05-29
Austin Smith,jamesdiaz@example.org,West,2025-02-16
Bryan Dixon,michellewagner@example.net,West,2023-05-06
Bethany Burch,elliottdanielle@example.net,East,2025-02-13
Tamara Nguyen,romerokelly@example.net,West,2024-05-17
Robin Turner,cindy46@example.net,South,2024-11-13
Miss Monica Martin,lgregory@example.com,Unknown,2023-11-05
Austin Jones,richardperez@example.net,North,2023-09-09
Holly Cruz,michellepaul@example.net,West,2023-05-11
Deborah Phillips,jonathan57@example.com,East,2023-07-23
Andrew Hall,stephen61@example.net,West,2024-08-23
Steven Dillon,epena@example.org,Unknown,2024-11-12
Julia Bush,tammysmith@example.net,West,2023-05-20
Julie Henson,justingreen@example.org,East,2023-05-28
Jeff Wells,robinjohnston@example.org,Unknown,2024-12-18
Mark Cortez,cynthiapearson@example.org,Unknown,2024-08-11
Noah Porter,danielmartinez@example.org,West,2024-02-04
Lauren Bradford,goodwincatherine@example.com,Unknown,2024-10-26
Sabrina Scott,scott88@example.net,East,2023-06-17
Nicholas Morales,rick02@example.com,Unknown,2024-06-27
Timothy Flores,katierollins@example.org,North,2024-01-20
Ryan Young,daniel27@example.com,North,2024-10-10
Kimberly Palmer,ilang@example.com,South,2024-05-08
Alexandria Walker,angela54@example.com,South,2024-10-21
Ryan Berry,robinsonsally@example.net,North,2024-09-05
Hannah Perez,carlos05@example.com,East,2025-01-09
Daniel Park,jessica26@example.com,South,2024-05-15
Julie Clay,parnold@example.net,East,2024-09-20
Kimberly Nash,qfarrell@example.org,South,2023-08-22
Paula Ramsey,stevenslori@example.org,South,2024-10-24
Ian Atkinson,kevin28@example.net,North,2024-04-15
Robert Berg,danielpitts@example.com,West,2023-12-04
Jason Atkinson,cpennington@example.com,South,2024-11-24
Michael Richardson,njenkins@example.net,North,2024-08-28
Shane Alvarez,tonyaandrade@example.com,Unknown,2023-09-27
Courtney Terrell,perezjoshua@example.org,West,2025-04-12
Jason Huang,vking@example.com,West,2023-06-26
Mark Beck,drobinson@example.com,Unknown,2025-03-03
Haley Yang,johnsonhannah@example.net,North,2023-07-25
Anthony Dixon,kalvarez@example.com,Unknown,2024-04-19
Edward Johnson,benjamin84@example.com,East,2023-09-22
Barbara Cantu,caitlindavidson@example.net,South,2023-10-17
Keith Martin,grantjohnny@example.com,North,2023-08-14
Jessica Martinez,mclark@example.com,Unknown,2024-07-20
Michelle Welch,fbenson@example.net,Unknown,2023-12-16
Stacey Little,derek10@example.org,Unknown,2024-11-19
Matthew Smith,adam78@example.net,South,2024-04-24
Nicole Solis,collinssara@example.net,South,2023-10-07
Margaret Winters,deborah66@example.com,Unknown,2024-09-19
David Alvarado,jermaine75@example.net,North,2025-04-07
Nathaniel Smith,oliviahunt@example.org,West,2023-11-21
Dr. Antonio Hughes,melinda61@example.net,West,2024-05-22
John Salazar,carol65@example.com,West,2024-05-11
Isaac Henry,stephenmack@example.org,North,2023-09-19
Ryan Boyd,samanthaduran@example.net,South,2024-01-21
Guy Gordon,bjohnson@example.org,West,2024-07-28
Deborah Mclaughlin,meganballard@example.org,North,2024-01-15
Robert Brown,miranda07@example.com,East,2024-01-08
Jeffrey Crane,wolfethomas@example.org,West,2024-02-11
Tammy Hale,kennethrodriguez@example.com,North,2023-06-27
Marcus Daniels,alanlogan@example.org,South,2023-11-22
Dustin Payne,nunezjacqueline@example.net,West,2023-07-30
Olivia Butler,herrerastephen@example.net,North,2023-12-30
Michael Nguyen,josephsimmons@example.net,South,2023-08-20
Austin Miranda,zfarmer@example.net,East,2024-05-01
Leslie Mejia,ianderson@example.net,West,2023-07-15
Maxwell Roberts,lauren66@example.net,South,2024-03-16
Rachel Thompson,rasmussenmichael@example.org,Unknown,2023-07-03
Adrian Young,staceybrown@example.net,Unknown,2025-01-05
John Conway,larsonheather@example.org,East,2023-07-23
Sherry Campbell,floresmaria@example.net,Unknown,2024-10-16
Andrew Tate,patrick36@example.com,North,2024-11-16
Rachel Massey,brendacabrera@example.net,West,2024-11-07
Richard Scott,egraham@example.net,South,2023-05-08
Laura Moody,ocarter@example.net,South,2023-06-05
Brandon Parker,webstervictoria@example.com,West,2023-08-17
Jesse Young,brianclark@example.com,East,2023-09-19
Michael Hernandez,daniel58@example.org,North,2024-05-23
Rebecca Martinez,fblake@example.org,North,2024-03-03
Kelly Rice,ericadeleon@example.net,East,2023-10-25
Rebecca Hawkins DDS,leslie82@example.org,Unknown,2024-07-03
Maria Smith,richardmccall@example.org,East,2025-01-07
Robert King,richardsonbrian@example.org,West,2024-10-24
Tammy Miller,sjones@example.com,South,2023-08-28
Jon Keller,jphillips@example.com,East,2024-11-08
Andrew Tucker,lisadaniels@example.net,Unknown,2025-01-29
Sharon Pierce,ptaylor@example.com,North,2023-12-14
Ruth Curtis,willie02@example.org,South,2025-02-18
Elizabeth Baker,xjones@example.com,East,2023-06-12
Joshua Miller,sharon28@example.net,North,2024-01-02
Jordan Duran,xjackson@example.org,South,2025-03-09
Richard Jones,mario59@example.com,South,2024-01-30
Aaron Waters,amymartinez@example.org,West,2023-07-29
Megan Ramirez,brightanthony@example.net,South,2023-07-30
Joshua Chambers,swansonamy@example.org,North,2023-07-29
Erika Daniel,marynovak@example.net,East,2024-04-20
Kellie Ellis,halecarolyn@example.com,West,2025-02-14
Samantha Johnson,kjones@example.com,South,2025-01-26
Alexandra Osborne,lynn60@example.com,North,2023-06-20
Nicole Owens,wendydoyle@example.com,South,2023-05-05
Jaime Marsh,maria18@example.com,West,2023-08-26
Joseph Ellis,maurice52@example.net,West,2023-05-31
Katherine Keith MD,kbrown@example.com,South,2023-06-11
Stephanie Green,rodriguezmeredith@example.org,South,2025-01-04
Louis Chandler,olsonkyle@example.net,Unknown,2025-03-12
Lisa Brewer,vmoreno@example.com,North,2024-07-17
Gary Chavez,cathykim@example.com,East,2024-01-09
Mr. Ian Rodriguez,heather09@example.org,South,2024-08-03
Lisa Leonard,kellybenson@example.com,North,2024-08-26
Amanda Arnold,zsmith@example.net,South,2023-07-31
Christopher Smith,burkedana@example.org,West,2023-11-26
Sherry Franco,rgoodman@example.net,South,2025-03-20
Connie Lee,anthonykaiser@example.com,West,2024-06-27
Tracey Stewart,amanda73@example.net,West,2024-04-10
Caitlin Castro,lisa52@example.com,North,2024-09-15
Andrea Hood,angelamorse@example.org,Unknown,2024-09-14
Philip Allen,joshua70@example.com,West,2024-01-11
Bonnie Allen,jacobsonsusan@example.com,Unknown,2023-05-05
Glenn Mcgrath,alicia49@example.com,South,2024-02-03
Richard Hanson,keithpotter@example.org,North,2024-08-29
Elizabeth Hobbs,henry69@example.com,South,2024-05-25
Lisa Spence,christopherhawkins@example.org,North,2023-07-01
Alyssa Clark,kingtyler@example.com,South,2023-09-26
Lisa Beasley,ronaldpatterson@example.com,North,2023-06-14
Jonathan Williamson,cory12@example.net,Unknown,2024-05-29
Brian Salazar,ashleykimberly@example.org,East,2023-10-14
Maria Evans,jennayoder@example.net,East,2023-11-05
Joseph Bartlett,jessicalyons@example.net,North,2023-09-19
Lori Chavez,allison65@example.net,Unknown,2023-05-12
Catherine Adkins,xbruce@example.org,Unknown,2023-08-24
Lori Pierce,sgardner@example.org,Unknown,2025-03-05
Sara Woodward,cynthia84@example.net,Unknown,2025-01-05
Lance Moses,rebecca72@example.com,North,2023-08-09
Christopher Stone,gabrielle14@example.org,North,2024-08-25
Jonathan Delgado,cjones@example.org,North,2023-07-09
Dan Vaughn,kristenanderson@example.org,South,2024-07-29
Jacob Elliott,matthew27@example.com,North,2024-03-08
Jackie Mullins,bevans@example.com,West,2025-01-14
Steven Henson,bwaters@example.org,East,2023-06-03
Dr. Richard Bryan Jr.,robertgonzalez@example.org,North,2023-07-31
Amy Rios,james57@example.net,North,2024-05-01
Stephen Olsen,amandarivera@example.net,East,2024-04-25
Matthew Reynolds,hughesmichelle@example.org,North,2024-07-03
Todd Stevens,skinnerbrandon@example.com,East,2023-05-29
Collin Huynh,blairsally@example.com,East,2023-12-06
Stephen Pacheco,carmenhartman@example.org,South,2025-01-11
Anna Mcdowell,jowens@example.com,South,2023-06-14
Cynthia Gill,cwhite@example.org,North,2023-10-21
Brandy Stafford,tabithamann@example.org,North,2023-05-09
Stephanie Pierce DDS,hartjoel@example.com,North,2023-05-29
Paul Sanchez,lauren82@example.org,West,2024-01-10
Blake Nielsen,tbailey@example.net,East,2024-07-20
Teresa Webb,tsullivan@example.net,Unknown,2024-09-27
Richard Wright,espinozavirginia@example.org,West,2024-06-19
Kevin Gonzalez,sotoallison@example.org,West,2024-08-23
Miranda Kennedy,roseronald@example.net,East,2023-12-03
Bernard Flores,owhite@example.org,West,2024-12-14
Julie Mccormick,benjamin52@example.org,East,2024-07-20
Joshua Crawford,blivingston@example.net,South,2023-07-02
Nathan Harper,dsmith@example.net,North,2023-07-05
Trevor Miller,obrienkelly@example.net,West,2024-10-14
Mariah Anderson,barnesnicole@example.org,East,2024-08-03
Peter Alexander,yriggs@example.org,East,2025-01-03
Jacob Dunlap,fmckay@example.org,North,2024-07-29
