Name,Email,Region,Signup_Date,Signup_Year,Signup_Month
Grant Castillo,stephaniewells@example.net,North,2024-04-27,2024,2024-04
Kirk Vance,mwilson@example.org,North,2024-08-29,2024,2024-08
Katherine Hendrix,walkerethan@example.net,North,2023-05-07,2023,2023-05
Carrie Lopez,wellsrobert@example.net,Unknown,2023-08-24,2023,2023-08
Derek Riley,jenniferpierce@example.net,East,2023-11-25,2023,2023-11
Brenda Mccall,trobinson@example.net,South,2024-01-02,2024,2024-01
Shawn Sherman,bradleyhouse@example.org,North,2024-09-02,2024,2024-09
Matthew Smith,christopher76@example.org,West,2024-12-14,2024,2024-12
John Guzman,wadebridget@example.net,West,2023-09-05,2023,2023-09
Lori Wallace,curtis16@example.net,Unknown,2023-07-01,2023,2023-07
Mary Clark,fcoleman@example.com,South,2024-08-31,2024,2024-08
Jasmine Flores,orivera@example.com,South,2023-07-31,2023,2023-07
Donald Flores,ronnie58@example.com,West,2024-07-11,2024,2024-07
Mrs. Amber Shah,jenniferanderson@example.net,East,2024-12-01,2024,2024-12
John Gordon,debra95@example.net,North,2024-07-15,2024,2024-07
Sara Dixon,amanda85@example.net,South,2025-03-04,2025,2025-03
Justin Giles,hernandezrenee@example.com,Unknown,2023-07-11,2023,2023-07
Denise Wright,xrowland@example.net,North,2024-02-23,2024,2024-02
Erika Peters,carlamercado@example.net,West,2024-08-04,2024,2024-08
Connie Rodriguez,jasonhahn@example.com,West,2024-08-20,2024,2024-08
Felicia Harris,hillandrea@example.com,Unknown,2024-05-16,2024,2024-05
Lisa Jordan,damon05@example.com,West,2024-08-20,2024,2024-08
Matthew Thompson,jocelyn24@example.com,South,2025-03-18,2025,2025-03
Amber Bates,jonathan79@example.com,West,2025-04-06,2025,2025-04
Melinda Nichols,hillricky@example.net,West,2024-01-28,2024,2024-01
William Ryan,erikaspencer@example.com,Unknown,2023-12-15,2023,2023-12
Tamara Pennington,kenneth82@example.org,Unknown,2024-11-15,2024,2024-11
Donna Smith,nicole54@example.org,East,2023-07-28,2023,2023-07
Ashley Butler,amyorozco@example.org,East,2025-03-08,2025,2025-03
William Nichols,robert53@example.org,East,2024-12-27,2024,2024-12
Danielle Jacobson,tracyjohnson@example.org,Unknown,2024-09-03,2024,2024-09
Heather Cummings,bpowell@example.org,East,2024-07-22,2024,2024-07
Cassandra Medina,anitaball@example.com,South,2023-07-12,2023,2023-07
Dr. Amanda Oliver,michaelsanchez@example.net,Unknown,2024-01-03,2024,2024-01
Keith Bradshaw,davidmoore@example.net,North,2025-04-17,2025,2025-04
Jenna Moreno,rnguyen@example.org,North,2024-09-25,2024,2024-09
Felicia Bray,christina19@example.net,East,2025-02-17,2025,2025-02
Allen Hubbard,ltaylor@example.org,Unknown,2024-12-20,2024,2024-12
Stephanie Perry,velasquezshannon@example.org,Unknown,2024-09-04,2024,2024-09
Jordan Cooper,jpalmer@example.org,West,2024-10-18,2024,2024-10
Keith Glenn,qthompson@example.com,Unknown,2023-05-17,2023,2023-05
Stephen Graham,janet64@example.net,South,2025-01-08,2025,2025-01
Debbie Dawson,william07@example.com,South,2024-08-09,2024,2024-08
Melissa Moody,nelsonmichael@example.net,East,2025-01-27,2025,2025-01
Jennifer Wilson,robertstiffany@example.org,North,2024-08-25,2024,2024-08
Melissa Brewer,ashley61@example.com,South,2023-05-15,2023,2023-05
Kendra Davis,hcunningham@example.net,East,2023-07-16,2023,2023-07
Dr. Michael Wright,acrawford@example.com,West,2023-10-27,2023,2023-10
Alexis Vega,murphystephanie@example.org,Unknown,2025-03-09,2025,2025-03
Michael Waters,robertharris@example.com,West,2023-09-24,2023,2023-09
Olivia Dunn,renee29@example.net,North,2023-12-08,2023,2023-12
Rebecca Holland,dsanchez@example.net,West,2024-05-07,2024,2024-05
Nicholas Vang,michael54@example.com,North,2024-02-28,2024,2024-02
Benjamin Ortega,phamerica@example.com,North,2025-01-06,2025,2025-01
Tamara Sherman,dale03@example.org,West,2025-01-19,2025,2025-01
Jessica Lowery,erinbutler@example.com,West,2023-07-02,2023,2023-07
Connor Wilson,ocombs@example.com,West,2023-07-08,2023,2023-07
Erica Bray,marksimpson@example.com,North,2023-08-06,2023,2023-08
Tamara Romero,angel29@example.com,North,2025-03-05,2025,2025-03
Charles Cherry,simpsonshane@example.org,South,2024-04-05,2024,2024-04
Jose Smith,jessica45@example.org,South,2023-06-04,2023,2023-06
Rebecca Anderson,yugabriel@example.net,South,2023-07-23,2023,2023-07
Darlene Turner,kathryn17@example.org,East,2023-12-14,2023,2023-12
Jerry Vaughn,hansenjonathon@example.net,East,2024-01-08,2024,2024-01
Karen Jones,mistyhernandez@example.org,Unknown,2023-07-15,2023,2023-07
Jeffery Hayes,sarahortega@example.com,South,2024-09-24,2024,2024-09
Mrs. Hannah Aguilar,davisolivia@example.com,Unknown,2023-11-18,2023,2023-11
Karen Howard,laurenwalker@example.net,Unknown,2023-12-12,2023,2023-12
Craig Jacobson,ryanhines@example.net,North,2024-07-14,2024,2024-07
Cory Hodge,uellis@example.org,Unknown,2024-09-02,2024,2024-09
Miguel Perez,phillip22@example.net,Unknown,2024-01-28,2024,2024-01
Margaret Freeman,erikcox@example.com,Unknown,2024-02-20,2024,2024-02
Jacqueline Chavez,qrobertson@example.org,South,2024-05-13,2024,2024-05
Diana Morrison,crosbydavid@example.org,East,2024-02-25,2024,2024-02
Brittany Boyer,whiteshannon@example.org,East,2024-06-26,2024,2024-06
Lauren Anderson,gregorytina@example.com,North,2025-01-02,2025,2025-01
Melanie Thompson,andreawoods@example.com,East,2024-08-14,2024,2024-08
Kenneth Grant,lindawalker@example.net,East,2023-07-18,2023,2023-07
Kenneth Miller,tjohnson@example.net,Unknown,2023-07-23,2023,2023-07
John Park,shannon85@example.net,Unknown,2024-07-06,2024,2024-07
Krystal Adams,marissa68@example.com,South,2024-09-23,2024,2024-09
Michael Cannon,jennifer34@example.org,Unknown,2024-04-08,2024,2024-04
Wendy Fitzgerald,ibrady@example.com,South,2025-02-23,2025,2025-02
Madison Lopez,nmartin@example.com,East,2023-08-02,2023,2023-08
Danielle Jenkins,anthonyjohnston@example.com,North,2025-04-19,2025,2025-04
Paul Jones MD,justinmurillo@example.com,East,2024-10-04,2024,2024-10
Brittany Garcia,tylerwilliams@example.net,West,2024-09-26,2024,2024-09
Sara Gonzalez,donald83@example.org,North,2024-07-04,2024,2024-07
Leah Reynolds,ambergentry@example.net,South,2025-03-11,2025,2025-03
Peggy Walters,jeremiahwood@example.org,Unknown,2023-09-17,2023,2023-09
Kelly Fisher,ashleymcknight@example.com,North,2024-11-29,2024,2024-11
Barbara Jensen,blairmeagan@example.org,North,2025-03-08,2025,2025-03
Lance Luna,baileyalyssa@example.org,South,2024-07-08,2024,2024-07
Jose Morris,goodmanemily@example.org,Unknown,2023-07-07,2023,2023-07
Scott Flores,keithashley@example.net,Unknown,2023-11-17,2023,2023-11
Kayla Orozco,handerson@example.org,South,2025-03-12,2025,2025-03
Claudia York,pbowers@example.com,South,2024-03-30,2024,2024-03
Rebecca Harris,ubrewer@example.com,South,2024-07-05,2024,2024-07
Tony Baker,charleskelly@example.org,North,2025-03-06,2025,2025-03
Ebony White,kingrichard@example.org,West,2023-09-10,2023,2023-09
Jasmine Reilly,perezbrooke@example.org,South,2024-03-25,2024,2024-03
Cristina Simmons,amccarthy@example.com,West,2024-08-29,2024,2024-08
Jose Morgan,pearsonrobert@example.net,East,2025-03-21,2025,2025-03
Jason Paul,sawyersean@example.org,Unknown,2024-07-07,2024,2024-07
Kelsey Lester,michael05@example.com,East,2024-10-22,2024,2024-10
Noah Russell,riosvictor@example.net,Unknown,2024-06-23,2024,2024-06
Sherry Johnston,jreeves@example.org,Unknown,2024-10-01,2024,2024-10
Timothy Marshall,jeffreyjones@example.net,South,2024-02-07,2024,2024-02
Bryan Mckay,carrieespinoza@example.org,North,2024-11-03,2024,2024-11
Nancy Bentley,kathleenmarks@example.com,East,2024-04-13,2024,2024-04
Melissa Hayes,zacharywells@example.net,East,2024-05-20,2024,2024-05
Ashley Turner,orivera@example.org,West,2023-10-26,2023,2023-10
Felicia Wood,peterwilliams@example.com,Unknown,2023-05-06,2023,2023-05
Mason Hill,piercelisa@example.org,North,2025-04-02,2025,2025-04
Summer Wheeler,edward54@example.com,Unknown,2024-10-21,2024,2024-10
Rodney Garcia,francisco05@example.com,West,2023-05-10,2023,2023-05
Eric Reeves,josephhodge@example.com,West,2024-06-18,2024,2024-06
Zachary Key,franklinruiz@example.org,South,2024-09-09,2024,2024-09
Dr. Karen Thornton,melissawong@example.org,Unknown,2024-09-12,2024,2024-09
Melinda Gray,wheelerdiana@example.com,South,2024-12-21,2024,2024-12
Sara Ellis,ryan61@example.net,South,2024-12-02,2024,2024-12
Leslie Hendricks,flowersdanielle@example.com,West,2024-01-13,2024,2024-01
Dr. Shelia White,wagnermichael@example.org,South,2025-02-17,2025,2025-02
Leah Garrett,bross@example.com,West,2024-11-29,2024,2024-11
Amy Snyder,matthewcain@example.com,North,2023-05-02,2023,2023-05
Amy James,joshua52@example.net,North,2023-12-04,2023,2023-12
Crystal Dunn,mark21@example.net,Unknown,2023-08-12,2023,2023-08
Theresa Hill,wardchristina@example.com,North,2024-08-23,2024,2024-08
Tiffany Page,powersmichelle@example.net,Unknown,2024-04-07,2024,2024-04
Angel Lin,urojas@example.org,West,2023-10-13,2023,2023-10
Scott Shannon,ycole@example.com,Unknown,2023-05-23,2023,2023-05
Cynthia Lowe,hernandezbarbara@example.com,West,2023-07-12,2023,2023-07
Brian Anderson,perezdonna@example.org,West,2024-11-04,2024,2024-11
Nathaniel King,olynch@example.org,East,2024-05-25,2024,2024-05
Danny Williams,nguyenstacey@example.org,South,2023-07-07,2023,2023-07
Anthony Klein,ravenlewis@example.com,Unknown,2025-04-14,2025,2025-04
Amy Willis,jessica78@example.com,West,2023-10-28,2023,2023-10
Mr. Jose Webb MD,jacobrose@example.net,North,2024-05-06,2024,2024-05
Stephanie Silva,stanleyfrank@example.com,West,2024-05-10,2024,2024-05
Victoria Acevedo,staceyharrington@example.com,West,2024-10-30,2024,2024-10
Carlos Clarke,masonsamantha@example.net,North,2023-09-29,2023,2023-09
Rebecca Campbell DDS,adavid@example.net,West,2024-03-22,2024,2024-03
Mary Mullins,williamsmeagan@example.net,East,2023-07-16,2023,2023-07
Victoria Solis,pwright@example.net,West,2024-11-20,2024,2024-11
Kristin Roberts,dunnjesse@example.com,Unknown,2023-11-13,2023,2023-11
Barry Guzman,robertjohnson@example.com,East,2024-04-12,2024,2024-04
Donna Carroll,barbara72@example.com,South,2024-05-04,2024,2024-05
Terry Gutierrez,romerovictoria@example.org,Unknown,2024-12-15,2024,2024-12
Denise Estrada,neallisa@example.org,Unknown,2024-02-17,2024,2024-02
Barbara Carlson,amberhernandez@example.com,North,2023-04-23,2023,2023-04
Brandon Wells,robinsonrichard@example.com,West,2024-06-29,2024,2024-06
John White,edwardwarren@example.org,West,2023-06-27,2023,2023-06
Brian Anderson,chrisdaniels@example.com,West,2023-08-26,2023,2023-08
Jermaine Campos,bradley81@example.com,South,2025-04-11,2025,2025-04
Zachary Owens,joseph78@example.net,South,2025-01-04,2025,2025-01
Brandi Wood,elizabeth97@example.com,Unknown,2024-03-28,2024,2024-03
Joshua Ramirez,brittanycole@example.org,East,2024-04-16,2024,2024-04
Deborah Nguyen,cynthia08@example.org,Unknown,2024-05-22,2024,2024-05
Deborah Scott,ann86@example.org,South,2024-12-04,2024,2024-12
Chris Brock,john58@example.org,North,2025-03-11,2025,2025-03
Kenneth Mclaughlin,norrismichael@example.com,West,2024-12-23,2024,2024-12
James Olson,cunninghamphilip@example.com,North,2024-06-21,2024,2024-06
Amanda Bradley,rachel68@example.net,South,2024-07-30,2024,2024-07
Melvin Madden,amanda73@example.org,Unknown,2023-08-17,2023,2023-08
Derek Ramos,cwallace@example.net,Unknown,2024-04-06,2024,2024-04
Evan Coleman,twright@example.net,West,2024-05-21,2024,2024-05
Kevin Reid,barbaraheath@example.org,West,2025-01-02,2025,2025-01
Amy Steele,rholland@example.com,Unknown,2024-08-08,2024,2024-08
Matthew Smith,zimmermanerin@example.org,Unknown,2023-06-07,2023,2023-06
Jacqueline Garcia,christyboyer@example.net,Unknown,2024-06-10,2024,2024-06
Michele Roberts,ruthbrandt@example.org,North,2024-08-12,2024,2024-08
Michele Adams,rickyhancock@example.net,West,2023-10-10,2023,2023-10
Kathy Cordova,bpitts@example.org,East,2024-01-26,2024,2024-01
Justin Parsons,brian70@example.org,East,2024-03-22,2024,2024-03
Michael Martinez,gonzalesmichele@example.net,East,2023-07-05,2023,2023-07
Johnathan Cruz,amack@example.net,South,2025-03-19,2025,2025-03
Theresa Beasley,jensenjacqueline@example.net,West,2023-06-07,2023,2023-06
Kayla Miller,joegallagher@example.org,West,2024-10-18,2024,2024-10
Joseph Morgan,owenstheresa@example.com,North,2023-06-07,2023,2023-06
Jimmy Russell,yangtiffany@example.net,South,2024-10-20,2024,2024-10
Samantha Williams,audrey26@example.com,West,2024-05-14,2024,2024-05
John Pena,kristengarcia@example.net,Unknown,2024-06-02,2024,2024-06
Vincent Lowe,xchase@example.org,East,2023-08-01,2023,2023-08
Cassandra Sloan,dmcintyre@example.net,South,2025-01-03,2025,2025-01
Adam Caldwell MD,garciamarcus@example.net,South,2024-09-26,2024,2024-09
Laura Carroll,christopher08@example.com,East,2024-08-09,2024,2024-08
Laura Campbell,jonathan13@example.net,Unknown,2024-02-09,2024,2024-02
Morgan Davis,laura20@example.net,South,2023-06-25,2023,2023-06
Alejandra Reed,kimberlystone@example.net,East,2023-08-24,2023,2023-08
Lisa Mclean,michaelmartinez@example.com,West,2023-12-18,2023,2023-12
Alison Dougherty,ayerswanda@example.net,South,2024-10-10,2024,2024-10
Heather Jones,samanthacrawford@example.com,West,2024-09-22,2024,2024-09
Derek Ellis,denise85@example.net,North,2025-01-31,2025,2025-01
Crystal Hunt,iperez@example.org,East,2025-01-11,2025,2025-01
Karen Watson,gstein@example.org,Unknown,2025-03-14,2025,2025-03
Linda Flores,shelby53@example.org,Unknown,2024-10-06,2024,2024-10
Pamela Ramirez,williamsbradley@example.com,West,2023-09-16,2023,2023-09
Joseph Torres,rrodgers@example.net,Unknown,2023-07-04,2023,2023-07
Shannon Greer,erinnelson@example.com,Unknown,2023-09-11,2023,2023-09
Daniel Santos,john14@example.org,North,2023-08-13,2023,2023-08
Anna Nelson,april10@example.net,South,2024-10-18,2024,2024-10
Anne Anderson,charles95@example.net,West,2025-01-09,2025,2025-01
Fernando Sampson,tanyajohnson@example.com,East,2024-04-27,2024,2024-04
Sharon Peterson,margaretvaughn@example.org,South,2024-09-30,2024,2024-09
Emily Gomez,vmartinez@example.com,Unknown,2023-05-03,2023,2023-05
Lauren Koch,lclark@example.net,West,2023-08-15,2023,2023-08
Jessica Lane,gcraig@example.net,South,2024-11-28,2024,2024-11
Daniel Perkins,williamsalexandria@example.net,North,2025-03-14,2025,2025-03
James Thomas,annette65@example.com,Unknown,2023-09-20,2023,2023-09
Reginald Harmon,jwood@example.net,East,2024-12-05,2024,2024-12
Brenda Roman,nelsonchelsey@example.net,East,2024-07-10,2024,2024-07
Jacob Williams,rallen@example.net,Unknown,2023-08-20,2023,2023-08
Justin Booker,michael12@example.net,Unknown,2025-04-04,2025,2025-04
Raven King,odoyle@example.org,Unknown,2024-07-07,2024,2024-07
John Sparks,ronald32@example.org,South,2024-10-01,2024,2024-10
Michelle Hernandez,guzmangerald@example.org,East,2024-11-04,2024,2024-11
Kathleen Gaines,kristina40@example.org,West,2023-08-30,2023,2023-08
Jeffrey Walters,samanthahenderson@example.com,West,2024-04-13,2024,2024-04
Ashlee Perez,wellsalexandra@example.org,South,2024-11-24,2024,2024-11
Todd Williamson,robin97@example.net,East,2024-06-04,2024,2024-06
Monica Williams,wmitchell@example.org,Unknown,2024-02-06,2024,2024-02
Steven Shaw,jonathanmoran@example.com,West,2023-10-19,2023,2023-10
Melissa Webb,kmaxwell@example.net,North,2023-04-24,2023,2023-04
Kelly Daniels,abigailjackson@example.com,West,2023-09-25,2023,2023-09
Dawn Simpson,roachrodney@example.com,Unknown,2024-05-10,2024,2024-05
Barbara James,roy34@example.net,North,2025-03-16,2025,2025-03
Jennifer Baker,williamlarson@example.net,East,2024-02-21,2024,2024-02
Jennifer Johnson,caitlinherrera@example.org,North,2025-03-09,2025,2025-03
Charles Moore,nancy68@example.net,North,2024-12-30,2024,2024-12
Alexandra Baird,emilymorris@example.net,South,2023-09-24,2023,2023-09
Mary Fritz,brittany51@example.com,Unknown,2023-11-01,2023,2023-11
Jared Sanchez,angelatorres@example.com,West,2023-12-10,2023,2023-12
David James,patriciarobertson@example.org,Unknown,2024-03-22,2024,2024-03
Brian Hoffman,tracycook@example.org,Unknown,2024-11-05,2024,2024-11
Kenneth Rice,qmarsh@example.org,North,2023-09-23,2023,2023-09
Kevin Porter,sarahester@example.com,West,2023-11-18,2023,2023-11
Adam Cochran,tlester@example.com,East,2023-09-13,2023,2023-09
Steven Blackwell,charlesfisher@example.net,East,2023-05-07,2023,2023-05
Heather Becker,stephenrobertson@example.org,West,2024-03-23,2024,2024-03
Kevin Fernandez,burkechristina@example.org,West,2024-02-04,2024,2024-02
Katherine Goodwin,glennruben@example.net,Unknown,2024-05-21,2024,2024-05
Jonathan Smith,aliciabaldwin@example.com,South,2024-06-26,2024,2024-06
Amber Hendrix,juan90@example.org,West,2023-05-12,2023,2023-05
Nicholas Farmer,rayrobert@example.org,North,2024-09-13,2024,2024-09
Sandy Owen,breanna69@example.org,West,2023-08-02,2023,2023-08
Lisa Campbell,hooveramanda@example.org,South,2023-08-28,2023,2023-08
Lisa Perez,parkariel@example.org,North,2024-06-04,2024,2024-06
Jeffrey Cordova,tannerdaniel@example.net,Unknown,2025-01-01,2025,2025-01
Renee Johnson,maxwellaudrey@example.net,South,2025-02-08,2025,2025-02
Cheryl Mcdaniel,simonbrian@example.com,East,2025-04-21,2025,2025-04
Bobby Hernandez,jonathonhenderson@example.net,North,2023-09-09,2023,2023-09
Catherine Jones,elizabeth02@example.org,Unknown,2023-08-16,2023,2023-08
Robin Smith,hayesjames@example.com,West,2023-06-21,2023,2023-06
Mark Frazier,nataliealexander@example.org,East,2023-08-22,2023,2023-08
Troy Allen,lpatel@example.com,West,2024-03-10,2024,2024-03
Melissa Clark,romanedward@example.org,North,2024-04-15,2024,2024-04
George Tucker,johnstontammy@example.org,North,2024-08-13,2024,2024-08
Patrick Baker,bgarcia@example.org,South,2023-06-29,2023,2023-06
Kathleen Martinez,fuentestyler@example.org,South,2025-04-19,2025,2025-04
James Stewart,hartmanjennifer@example.org,Unknown,2023-08-21,2023,2023-08
Todd Flowers,savagediana@example.org,East,2025-04-03,2025,2025-04
Scott Wilkinson,collinslisa@example.org,West,2024-07-24,2024,2024-07
Carol Perez,medinaallison@example.com,South,2024-07-06,2024,2024-07
Haley Daniels,wintersjean@example.com,Unknown,2024-06-18,2024,2024-06
Joshua Wolf,maria66@example.com,East,2024-11-26,2024,2024-11
Joseph Lawson,bblackwell@example.com,West,2025-01-05,2025,2025-01
John Lopez,colemandavid@example.net,West,2025-04-04,2025,2025-04
Derrick Morales,diana21@example.com,East,2024-03-29,2024,2024-03
Christopher Mcclure,kimberly15@example.com,North,2023-09-01,2023,2023-09
Alan Lee,thomasmitchell@example.com,East,2024-08-06,2024,2024-08
Rachel Green,woodthomas@example.org,East,2024-11-09,2024,2024-11
Ronald Hodges,unorton@example.org,East,2024-03-08,2024,2024-03
Charles Brooks,mitchellsheila@example.com,South,2023-12-17,2023,2023-12
Dr. Mary Brennan,thomas67@example.net,North,2024-12-02,2024,2024-12
Jodi Kerr,ycarter@example.net,Unknown,2024-09-30,2024,2024-09
Aaron Norman,petersontimothy@example.org,East,2024-12-21,2024,2024-12
Tim Lynch,sara08@example.org,South,2024-01-16,2024,2024-01
Alexa Mccann,mitchellevelyn@example.net,East,2024-10-10,2024,2024-10
Bryan Murphy,amytaylor@example.com,South,2023-09-09,2023,2023-09
Frank Jones,bcarter@example.com,West,2023-12-24,2023,2023-12
Tina Diaz,cody36@example.org,East,2024-11-08,2024,2024-11
Tara Brewer,pelliott@example.net,North,2023-09-04,2023,2023-09
Jasmin Coleman,ericweaver@example.org,West,2023-06-23,2023,2023-06
Raymond Foley,rebeccabates@example.net,East,2023-10-30,2023,2023-10
Linda Flores,marcusmaddox@example.net,East,2024-07-27,2024,2024-07
Vincent Singleton,dchristensen@example.com,East,2024-05-20,2024,2024-05
Nathan Wagner,jacksonvanessa@example.com,East,2025-02-09,2025,2025-02
John James,patrick78@example.net,North,2024-05-11,2024,2024-05
Albert Howard,sanderstammy@example.net,East,2023-05-31,2023,2023-05
Michael Miller,xmiller@example.net,North,2023-06-15,2023,2023-06
Tina Williams,harmonchristopher@example.com,East,2025-03-27,2025,2025-03
David Hodges,lisa56@example.net,North,2023-12-30,2023,2023-12
Connie Lynch,maureen17@example.com,West,2025-03-21,2025,2025-03
Jennifer Tapia,jonathan64@example.com,Unknown,2024-07-14,2024,2024-07
Charles Elliott,nancyanderson@example.net,Unknown,2024-11-02,2024,2024-11
Christie Stewart,heatherhobbs@example.com,South,2023-05-05,2023,2023-05
Jimmy Zavala,robertharvey@example.net,West,2025-01-30,2025,2025-01
Mr. Robert Smith,timothyjenkins@example.com,East,2025-04-03,2025,2025-04
April Wilkins,anthony31@example.com,East,2023-10-06,2023,2023-10
Bob Stevenson,belinda96@example.org,Unknown,2024-03-07,2024,2024-03
Melissa Watson,millererika@example.org,North,2023-07-01,2023,2023-07
Natalie Kim,raymond48@example.net,North,2023-10-26,2023,2023-10
Heather Elliott,gwilson@example.com,North,2025-02-11,2025,2025-02
Scott Patel,brandonsosa@example.net,Unknown,2023-08-28,2023,2023-08
Joseph Shelton,carlsonlori@example.org,Unknown,2023-07-28,2023,2023-07
Sherry Barnes,ashleyhughes@example.com,Unknown,2024-10-06,2024,2024-10
Rachel Gonzales,romerovictoria@example.org,South,2023-07-07,2023,2023-07
Ian Gonzalez,pshort@example.org,Unknown,2025-02-12,2025,2025-02
Desiree Harris,amandanavarro@example.org,South,2024-07-30,2024,2024-07
William Wallace,michaelclark@example.org,South,2024-01-23,2024,2024-01
Shawn Jefferson,nicolejones@example.org,Unknown,2023-12-26,2023,2023-12
Tracy James,michael79@example.com,North,2024-09-26,2024,2024-09
Gregory Solomon,smithjennifer@example.net,Unknown,2025-03-18,2025,2025-03
Jennifer Brewer,robert17@example.com,North,2024-08-25,2024,2024-08
Karen Anderson,carol07@example.net,West,2023-08-28,2023,2023-08
Jessica Stafford DDS,morrowcynthia@example.net,West,2024-07-24,2024,2024-07
Kristin Jimenez,alexandria41@example.com,Unknown,2023-12-12,2023,2023-12
Timothy Nguyen,bgarcia@example.com,East,2024-04-17,2024,2024-04
Travis Donovan,dillon48@example.org,East,2023-06-12,2023,2023-06
John Cline,monica60@example.net,North,2024-05-02,2024,2024-05
Jeremy Lee,yjohnson@example.org,Unknown,2023-10-04,2023,2023-10
Kelly Salinas,blewis@example.com,West,2024-02-04,2024,2024-02
Tanya Smith,makaylarodriguez@example.com,West,2023-06-24,2023,2023-06
Carlos Ramirez,andersonnicholas@example.org,East,2024-08-07,2024,2024-08
Alexander Gomez,smithanthony@example.com,East,2024-10-20,2024,2024-10
Sharon Roberts,nathan49@example.org,West,2024-12-03,2024,2024-12
Brenda Jacobs,cfields@example.org,North,2023-05-05,2023,2023-05
Jeremy Crawford,christopher60@example.org,East,2024-03-08,2024,2024-03
Brendan Smith,michaelboyer@example.com,Unknown,2023-09-15,2023,2023-09
Jeffrey Booker,estevens@example.org,North,2024-06-19,2024,2024-06
Kimberly Vega,djames@example.org,West,2024-06-23,2024,2024-06
Brett Sanchez,brandygreer@example.net,East,2023-11-16,2023,2023-11
Michelle Chavez,debra75@example.net,Unknown,2024-12-12,2024,2024-12
Edward Preston,hkelly@example.net,West,2025-02-08,2025,2025-02
Lisa Chavez,jasoncrosby@example.com,Unknown,2024-11-25,2024,2024-11
Allison Hughes,xjones@example.com,Unknown,2023-08-06,2023,2023-08
Emily Miller,keith27@example.org,Unknown,2023-12-05,2023,2023-12
Brooke Baker,anthonyrodriguez@example.com,Unknown,2024-08-18,2024,2024-08
Angela Watson,victoriadavis@example.org,Unknown,2024-06-03,2024,2024-06
Kyle Medina,awright@example.org,East,2024-07-21,2024,2024-07
Melissa Reid,williamsdanny@example.net,South,2025-01-27,2025,2025-01
Amber Baird,millerrichard@example.net,West,2023-12-04,2023,2023-12
Emily Bennett,kyleespinoza@example.com,North,2024-06-15,2024,2024-06
Nicole Marks,jparker@example.com,West,2023-08-06,2023,2023-08
Dr. Jay Foster DDS,jameszamora@example.org,East,2024-01-08,2024,2024-01
Richard Noble,brandon34@example.com,Unknown,2023-12-29,2023,2023-12
James Murphy,wheelerdavid@example.net,South,2024-11-20,2024,2024-11
Megan Hernandez,cgarza@example.com,North,2023-12-10,2023,2023-12
Kimberly Cruz MD,wattsjustin@example.net,West,2024-03-20,2024,2024-03
Amy Henry,cohenevan@example.com,South,2024-11-27,2024,2024-11
Robert Griffith,jackhebert@example.com,West,2024-05-25,2024,2024-05
Ashley Mcgee,paulakim@example.org,Unknown,2024-08-19,2024,2024-08
Virginia Edwards,andrew55@example.net,North,2024-10-10,2024,2024-10
Jennifer Mcbride,melissaingram@example.org,North,2023-12-20,2023,2023-12
Robert Day,sarah90@example.com,East,2024-04-02,2024,2024-04
Brandon Jones,terryshannon@example.com,South,2024-03-16,2024,2024-03
Elizabeth Osborne,aaronnelson@example.net,East,2024-01-19,2024,2024-01
Ann Reeves,mahoneymichael@example.com,North,2024-12-11,2024,2024-12
Jill Reyes,clarkjill@example.org,North,2023-12-17,2023,2023-12
Audrey Wilkinson,christopherjohnson@example.com,Unknown,2024-04-19,2024,2024-04
Brittany Coleman,pamelacallahan@example.com,East,2023-06-25,2023,2023-06
Chad Stewart,amy24@example.net,West,2024-01-05,2024,2024-01
Cody Jones,angelasmith@example.com,North,2025-01-04,2025,2025-01
Leah Flores,jason50@example.org,West,2024-10-12,2024,2024-10
Micheal Simpson,munozlynn@example.net,West,2024-11-10,2024,2024-11
Michelle Moore,tiffany85@example.net,South,2024-10-21,2024,2024-10
Victoria Parks,martinezharry@example.net,Unknown,2025-01-04,2025,2025-01
Julie Pittman DVM,claire98@example.com,South,2023-05-21,2023,2023-05
Nathan Phelps,michael08@example.com,South,2025-04-20,2025,2025-04
Pam Jones,qstone@example.org,South,2024-09-24,2024,2024-09
Christopher Drake,mcguiremike@example.com,North,2024-09-18,2024,2024-09
Brenda Greene,patrickdouglas@example.org,West,2024-09-18,2024,2024-09
Jessica Miller,charlesdavid@example.org,Unknown,2023-08-23,2023,2023-08
Karen Brown,whitejeremy@example.net,Unknown,2024-10-25,2024,2024-10
Monica Johnson,ddavis@example.org,East,2024-04-07,2024,2024-04
Zachary Porter,moralesleslie@example.org,South,2023-06-02,2023,2023-06
William Clark,cisnerosjonathan@example.org,East,2023-10-05,2023,2023-10
Monica Martinez,rossamy@example.net,East,2023-12-31,2023,2023-12
Emily Petersen,samuel24@example.org,West,2024-02-24,2024,2024-02
Monique Anderson,kpena@example.net,North,2024-12-02,2024,2024-12
Kevin Gregory,michaelbecker@example.com,West,2024-04-08,2024,2024-04
Dawn Chavez,shaney@example.net,North,2025-02-03,2025,2025-02
Erica Perez,ochoaaaron@example.org,South,2024-09-29,2024,2024-09
Terry Garcia,nashelizabeth@example.com,South,2023-12-25,2023,2023-12
Kenneth Choi,alyssaclements@example.org,East,2024-09-22,2024,2024-09
Amy Jackson,kjohnson@example.org,East,2024-03-24,2024,2024-03
Angela Knight,ybriggs@example.org,West,2025-03-31,2025,2025-03
Edwin Beck,jasonhenry@example.org,North,2024-11-21,2024,2024-11
Melissa Obrien,iwelch@example.org,North,2023-07-03,2023,2023-07
Jenny Livingston,bhaynes@example.net,West,2023-08-09,2023,2023-08
Troy Hayes,zachary07@example.org,Unknown,2024-03-29,2024,2024-03
Isaac Jones DDS,suefloyd@example.net,Unknown,2023-09-18,2023,2023-09
Dawn Perez,brian07@example.com,East,2024-11-16,2024,2024-11
Victoria Davis,jamesgutierrez@example.org,West,2023-07-25,2023,2023-07
Stephanie Buckley,sarah65@example.net,North,2024-04-13,2024,2024-04
James Espinoza,marcthomas@example.com,East,2023-11-29,2023,2023-11
Kimberly Allen,isaiah13@example.com,Unknown,2024-01-21,2024,2024-01
Richard Dougherty,monica11@example.com,Unknown,2024-04-21,2024,2024-04
Jeffrey Briggs,matthew73@example.com,South,2025-01-16,2025,2025-01
Andre Lewis,dennis59@example.com,West,2023-12-16,2023,2023-12
Kari Williams,yfarmer@example.net,South,2023-06-21,2023,2023-06
Tara Rivera,tiffany94@example.org,North,2025-02-07,2025,2025-02
William Johnson,kyle75@example.com,Unknown,2024-05-08,2024,2024-05
Daniel Francis,fsullivan@example.org,South,2023-07-14,2023,2023-07
Corey Munoz,mcmillanjonathan@example.com,Unknown,2024-10-19,2024,2024-10
Patricia Davis,briannash@example.net,West,2023-12-08,2023,2023-12
Thomas Mckinney,oadams@example.com,West,2024-12-20,2024,2024-12
Benjamin Dunn,christopher85@example.com,West,2023-07-09,2023,2023-07
Brenda Martinez,sergiogarcia@example.com,Unknown,2024-01-07,2024,2024-01
Yvonne Washington,nicholaskeith@example.org,East,2024-03-19,2024,2024-03
Lisa Johnson,nancythompson@example.net,West,2024-11-01,2024,2024-11
Jason Thomas,whitepamela@example.org,Unknown,2024-06-01,2024,2024-06
Shelly Quinn,zserrano@example.com,West,2024-02-16,2024,2024-02
Joanna Solis,julie04@example.org,North,2024-03-02,2024,2024-03
Deanna Day,downspaula@example.com,North,2024-05-30,2024,2024-05
Jamie Rocha,gkaiser@example.org,East,2025-03-10,2025,2025-03
James Tucker,hmorris@example.org,West,2024-02-29,2024,2024-02
Marisa Allison,kentshannon@example.net,West,2023-07-23,2023,2023-07
Mark Wang,zenglish@example.com,West,2025-02-12,2025,2025-02
Dawn Haynes,parkheather@example.net,South,2024-11-06,2024,2024-11
Anthony Martinez,vharris@example.com,East,2024-09-12,2024,2024-09
Miss Jasmine Dean,thompsonterri@example.com,South,2023-12-04,2023,2023-12
Michelle Guerra,davismichael@example.com,Unknown,2024-08-26,2024,2024-08
Laura Jenkins,henryprice@example.com,Unknown,2023-10-22,2023,2023-10
Sandra Brady,ianlittle@example.org,East,2024-08-04,2024,2024-08
Clayton Williams,freemantrevor@example.com,South,2023-11-12,2023,2023-11
James Allen,dsavage@example.com,West,2024-09-02,2024,2024-09
Joseph Russell,heatherwilson@example.com,West,2024-10-10,2024,2024-10
Sharon Smith,jessicadominguez@example.net,East,2024-05-07,2024,2024-05
Robert Mosley,thomasjoseph@example.com,South,2023-12-07,2023,2023-12
Jonathan Thomas,ogardner@example.com,North,2025-01-11,2025,2025-01
Mary Johnson,wwilliams@example.org,Unknown,2023-06-18,2023,2023-06
Carol Evans,qbarnett@example.net,Unknown,2024-09-09,2024,2024-09
Jane Jones,michaelharper@example.net,West,2023-05-16,2023,2023-05
Connie Bond,nielsengary@example.org,North,2023-06-28,2023,2023-06
Juan Morgan,wilsonmartin@example.org,East,2025-01-11,2025,2025-01
Benjamin Espinoza,ismall@example.com,East,2025-01-24,2025,2025-01
William Ochoa,andersonlori@example.net,West,2024-11-30,2024,2024-11
Nicholas Molina,vweber@example.com,South,2023-12-29,2023,2023-12
David Carrillo,guzmangary@example.org,East,2025-03-30,2025,2025-03
Angel Cook,ericparks@example.net,Unknown,2025-01-12,2025,2025-01
Thomas Woods,baxterashley@example.com,North,2025-02-08,2025,2025-02
Carl Reed,bobbyrivera@example.net,North,2023-05-24,2023,2023-05
Leslie Thompson,austinjohn@example.org,West,2024-07-23,2024,2024-07
Patricia Douglas,tammybutler@example.com,West,2024-01-20,2024,2024-01
John Gardner,randy15@example.com,West,2023-08-13,2023,2023-08
Jacob Lewis,tyrone41@example.net,East,2024-10-20,2024,2024-10
Patricia Walker,floresamy@example.com,North,2023-09-28,2023,2023-09
Paul Johnson,james01@example.net,South,2024-05-14,2024,2024-05
Karen Fisher,joycetorres@example.net,North,2023-07-18,2023,2023-07
James Schaefer,shawn97@example.org,West,2023-05-24,2023,2023-05
Justin Gutierrez,yharris@example.com,West,2024-11-15,2024,2024-11
Donna Walker,uramirez@example.org,North,2023-10-24,2023,2023-10
Jacqueline Dennis,randrews@example.com,East,2024-07-25,2024,2024-07
Jay Smith,vaguirre@example.net,South,2024-11-17,2024,2024-11
Cynthia Washington,rhodesashley@example.net,Unknown,2023-10-10,2023,2023-10
Jeremy Smith,beardmark@example.com,South,2024-06-22,2024,2024-06
Stephen Butler,larry24@example.com,East,2024-09-08,2024,2024-09
Valerie Anderson,perezwilliam@example.net,North,2023-08-25,2023,2023-08
Amy Torres,benjamin49@example.com,East,2024-04-26,2024,2024-04
Stephanie Murray,mark82@example.org,Unknown,2025-01-02,2025,2025-01
Jeffrey King DVM,housecynthia@example.net,East,2025-04-08,2025,2025-04
Heather Martin,ericchavez@example.net,North,2023-07-27,2023,2023-07
Larry Ryan,sean90@example.com,East,2023-10-01,2023,2023-10
Catherine Saunders,cookmichele@example.org,South,2024-01-25,2024,2024-01
Susan Hayes,jonesbrandon@example.org,West,2023-12-09,2023,2023-12
Katie Kennedy,julian38@example.net,North,2025-01-30,2025,2025-01
Oscar Thompson,christopher50@example.org,West,2024-05-17,2024,2024-05
Laura Johnson,zlopez@example.org,East,2024-05-13,2024,2024-05
Lee Molina,jorgeharris@example.net,Unknown,2024-11-23,2024,2024-11
Kelly Stewart,hancockjoshua@example.org,South,2024-10-28,2024,2024-10
Carol Neal,danny79@example.com,South,2025-04-20,2025,2025-04
Christopher Kaufman,ocoleman@example.org,North,2023-05-06,2023,2023-05
David Peters,russellpearson@example.org,South,2024-10-18,2024,2024-10
Angela Moore,charlotteoneill@example.com,Unknown,2023-11-25,2023,2023-11
Michael Palmer,ngarcia@example.org,North,2024-11-16,2024,2024-11
Carlos Johnson,john23@example.net,West,2024-06-08,2024,2024-06
Anita James,mitchellwhitaker@example.com,Unknown,2024-10-06,2024,2024-10
Lindsay Hebert,williamssusan@example.net,North,2024-06-08,2024,2024-06
Kimberly Jones,snowamanda@example.com,East,2024-11-06,2024,2024-11
Casey Burns,kayla57@example.org,Unknown,2023-05-05,2023,2023-05
Patrick Cook,nallen@example.net,South,2023-12-24,2023,2023-12
Gina Pierce,brookesimpson@example.com,North,2024-07-10,2024,2024-07
Matthew Brewer,heatherpeters@example.org,East,2023-08-31,2023,2023-08
Amanda Valdez,hardykelly@example.com,South,2024-08-09,2024,2024-08
Teresa Duffy,turnerjessica@example.net,East,2024-06-29,2024,2024-06
Joseph Becker,torresvirginia@example.net,Unknown,2023-07-09,2023,2023-07
Melissa Roberts,zdixon@example.org,Unknown,2024-07-26,2024,2024-07
Gerald Brown,sydneyhuffman@example.com,South,2024-08-24,2024,2024-08
Thomas Williams,armstrongmarie@example.com,South,2024-10-15,2024,2024-10
Alexis Hamilton,awilson@example.net,Unknown,2024-03-29,2024,2024-03
Karen Marshall,anthonyflynn@example.com,North,2023-06-09,2023,2023-06
Juan Garrett,steven28@example.com,East,2024-11-29,2024,2024-11
Karen Jennings,david88@example.net,West,2024-11-06,2024,2024-11
Joseph Rodriguez,mayobryan@example.org,West,2024-02-19,2024,2024-02
Holly Wells,aespinoza@example.com,West,2025-04-13,2025,2025-04
Leslie Lloyd,courtneyconner@example.com,West,2024-02-14,2024,2024-02
Jason Blackwell,bgiles@example.org,East,2023-05-27,2023,2023-05
Jonathan Miles,ewelch@example.net,East,2025-01-26,2025,2025-01
Eugene Sanchez,fjarvis@example.org,East,2024-08-01,2024,2024-08
Amber Garrison,johnallen@example.com,South,2025-02-07,2025,2025-02
Kyle Johnson,crystalavila@example.org,South,2023-08-23,2023,2023-08
Travis Lopez,butlerjavier@example.org,South,2023-11-06,2023,2023-11
Luis Davidson,wguzman@example.org,East,2025-03-15,2025,2025-03
Susan Shaw,chasekramer@example.com,Unknown,2024-02-06,2024,2024-02
Carlos Mcdaniel,colliertaylor@example.net,West,2024-08-17,2024,2024-08
James Bates,aconway@example.net,Unknown,2025-04-02,2025,2025-04
Troy Medina,egray@example.com,West,2024-08-22,2024,2024-08
Amy Rivas,scotthowell@example.net,East,2023-07-18,2023,2023-07
Nicole Benson,ronaldmolina@example.com,West,2023-05-04,2023,2023-05
Debra Morgan,perkinsmatthew@example.com,East,2024-04-24,2024,2024-04
Morgan Prince,myerspaula@example.net,Unknown,2024-01-26,2024,2024-01
Seth Smith,tiffanycox@example.net,North,2025-04-18,2025,2025-04
Todd Spencer,dfletcher@example.org,East,2023-11-26,2023,2023-11
Robert Shepherd,james20@example.org,South,2024-03-10,2024,2024-03
Jason Vance,xwilliams@example.org,Unknown,2025-01-02,2025,2025-01
Melissa Conley,sampsonallison@example.com,South,2024-12-31,2024,2024-12
Abigail Blackwell,traci64@example.org,East,2024-05-05,2024,2024-05
Philip Carney,eric55@example.net,West,2025-01-04,2025,2025-01
Karen Williams,harrismelissa@example.net,East,2025-04-06,2025,2025-04
Cynthia Lewis,wwilliams@example.net,Unknown,2023-10-08,2023,2023-10
Scott Nolan,scott19@example.net,East,2023-07-28,2023,2023-07
Shannon Ochoa,barrisabella@example.net,Unknown,2024-03-22,2024,2024-03
Barry Byrd,igarrison@example.com,North,2023-08-04,2023,2023-08
Douglas Escobar,xperkins@example.org,Unknown,2024-06-29,2024,2024-06
Dan Bartlett,wheelertaylor@example.net,Unknown,2023-11-02,2023,2023-11
Anthony Evans,adrian09@example.net,Unknown,2025-02-23,2025,2025-02
Monica Farley,sriddle@example.com,South,2023-09-03,2023,2023-09
Lance Alvarado,qhart@example.com,West,2023-08-02,2023,2023-08
Eugene Brown,stephen40@example.org,West,2024-12-03,2024,2024-12
Shawn Hansen,hurleyjames@example.com,West,2024-02-29,2024,2024-02
Jake Shields,jeremy01@example.com,North,2023-09-17,2023,2023-09
Timothy Williams,mgray@example.net,Unknown,2024-12-06,2024,2024-12
Rose Dunn,ryanrandall@example.net,Unknown,2024-12-16,2024,2024-12
Cody Montgomery,haleymann@example.com,West,2024-03-18,2024,2024-03
James Allen,jenniferdouglas@example.com,East,2023-08-02,2023,2023-08
Ashlee Gomez,zgray@example.net,East,2024-06-18,2024,2024-06
Heather Lynch,ycarter@example.com,South,2023-09-18,2023,2023-09
Jennifer Williams,jennifer44@example.org,East,2023-10-05,2023,2023-10
Joyce Bray,claytondiane@example.org,West,2025-02-13,2025,2025-02
Theresa Martinez,julia23@example.org,East,2025-03-22,2025,2025-03
Tiffany Savage,stephaniesmith@example.org,Unknown,2024-09-25,2024,2024-09
Ryan Evans,richardmonroe@example.com,East,2024-11-29,2024,2024-11
Dana Rios,robert79@example.com,East,2023-06-07,2023,2023-06
Chloe Powell,oliviabarnett@example.net,East,2024-02-20,2024,2024-02
Michael Williams,chadhumphrey@example.org,Unknown,2023-06-04,2023,2023-06
Jessica Stone,hardingjonathan@example.org,East,2023-09-02,2023,2023-09
Michael Jefferson,julia51@example.org,Unknown,2023-11-11,2023,2023-11
Susan Weber,david23@example.org,North,2024-10-20,2024,2024-10
Amy Andrews,elizabethpham@example.org,North,2024-06-14,2024,2024-06
Christina Chapman,harperstephanie@example.net,Unknown,2024-11-23,2024,2024-11
Wayne Alvarez,wbrady@example.net,West,2025-01-28,2025,2025-01
Brian Burnett,angelamcdonald@example.com,East,2024-11-16,2024,2024-11
David Page,wbaldwin@example.com,North,2024-06-13,2024,2024-06
Mark Price,hannahbailey@example.com,North,2024-05-29,2024,2024-05
Walter Green,ohernandez@example.com,South,2023-08-25,2023,2023-08
Heather Howell,sosathomas@example.org,East,2023-11-09,2023,2023-11
John Jones,william10@example.com,East,2023-12-01,2023,2023-12
Marisa Martinez,jcasey@example.com,Unknown,2023-04-30,2023,2023-04
Angela Rodriguez,dphillips@example.net,South,2023-11-21,2023,2023-11
Eugene Bishop,cory87@example.com,South,2023-06-16,2023,2023-06
Jason Lawrence,burkejoel@example.com,West,2023-09-30,2023,2023-09
Robert Allen,deborahkelly@example.net,North,2024-02-28,2024,2024-02
Steven Mcdonald,agilbert@example.org,Unknown,2024-05-24,2024,2024-05
Jordan Glass,cookjoshua@example.net,Unknown,2024-02-06,2024,2024-02
Wesley Tanner,daniellethomas@example.net,West,2024-04-30,2024,2024-04
Patricia Oliver,hthompson@example.org,East,2023-12-13,2023,2023-12
Xavier Miller,vickifritz@example.org,East,2023-06-17,2023,2023-06
Gabriel Savage,colleenmccarty@example.org,North,2024-12-22,2024,2024-12
Robert White,evansdiana@example.net,South,2024-09-26,2024,2024-09
Matthew Smith,deborah92@example.org,East,2023-11-24,2023,2023-11
Henry Lopez,bramirez@example.com,East,2024-07-16,2024,2024-07
Deborah Rush,millerjessica@example.org,East,2024-08-14,2024,2024-08
Hunter Jones,tara65@example.net,South,2023-09-20,2023,2023-09
Michael Freeman,steven15@example.org,Unknown,2023-12-14,2023,2023-12
Nathan Cole,andrearich@example.net,West,2024-12-11,2024,2024-12
Levi Baker,drose@example.com,South,2023-09-09,2023,2023-09
Amanda Robles,chelsea73@example.net,Unknown,2024-01-12,2024,2024-01
Amber Harris,jameshardin@example.org,Unknown,2023-05-16,2023,2023-05
Grace Poole,grant02@example.org,Unknown,2023-09-25,2023,2023-09
Andrea Thompson,stephaniebest@example.net,South,2023-10-01,2023,2023-10
Jeffrey Campbell,ericking@example.com,North,2023-05-20,2023,2023-05
Keith Ross,robertoglover@example.org,West,2024-11-15,2024,2024-11
Larry Keith,thomasstephanie@example.com,North,2023-09-16,2023,2023-09
Angela Johnson,josephsmith@example.com,West,2024-11-16,2024,2024-11
Daniel Cunningham,griffithjesse@example.com,East,2024-11-18,2024,2024-11
Matthew Avila,leahbrown@example.com,North,2023-10-23,2023,2023-10
Barbara White,salazarashley@example.com,North,2023-12-20,2023,2023-12
Melissa Johnson,martinezdana@example.net,Unknown,2024-12-18,2024,2024-12
Warren Marquez,david48@example.org,North,2024-02-21,2024,2024-02
Brad Compton,keithcraig@example.net,East,2024-03-12,2024,2024-03
Christine Jefferson,hamiltonkatie@example.com,West,2025-01-14,2025,2025-01
Nicholas Ward,melissapowers@example.net,West,2024-02-11,2024,2024-02
Debra Allen,williamhendricks@example.net,West,2023-10-07,2023,2023-10
Rhonda Yoder,johnsonapril@example.com,Unknown,2024-06-06,2024,2024-06
Wendy Williams,christophercalhoun@example.net,North,2024-05-19,2024,2024-05
Nathan Hart,lauren67@example.net,Unknown,2024-11-18,2024,2024-11
Kenneth Williams,joe60@example.org,North,2023-05-25,2023,2023-05
James Allen,victoria17@example.com,West,2024-05-24,2024,2024-05
Julia Smith,karenmartin@example.net,Unknown,2024-12-28,2024,2024-12
Harry Dorsey,millermichelle@example.com,West,2023-08-12,2023,2023-08
David Harris,lynnjones@example.com,North,2025-02-14,2025,2025-02
Yesenia Blair,fpugh@example.org,North,2024-06-15,2024,2024-06
Stephanie Lee,rodriguezlisa@example.org,North,2024-01-05,2024,2024-01
Danielle Cuevas,zlozano@example.net,South,2024-01-16,2024,2024-01
Joshua Armstrong,rcarroll@example.com,East,2024-04-07,2024,2024-04
Ryan Alexander,kandrews@example.org,East,2024-03-21,2024,2024-03
Andrew Bennett,webernathan@example.net,Unknown,2025-01-26,2025,2025-01
Terry Clark,josephmorris@example.org,North,2025-01-10,2025,2025-01
Michael Russell,joelbrown@example.net,South,2023-11-02,2023,2023-11
Veronica Baker,angela38@example.org,West,2024-08-15,2024,2024-08
Mary Hawkins,ydixon@example.net,West,2024-12-22,2024,2024-12
Joshua Ward,thomashenry@example.org,South,2024-02-20,2024,2024-02
Chad Golden,nicole66@example.com,South,2024-07-24,2024,2024-07
Jillian Phillips,ronald95@example.org,West,2024-12-02,2024,2024-12
Robert Odonnell,ramosashley@example.com,West,2023-04-27,2023,2023-04
Michelle Wheeler,taraprice@example.org,South,2024-12-04,2024,2024-12
Alvin Fox,reyesnancy@example.net,North,2023-06-01,2023,2023-06
Holly Peterson,gcervantes@example.org,North,2023-12-12,2023,2023-12
Katherine Kim,anna05@example.net,North,2023-05-07,2023,2023-05
Deborah Wilson,dbates@example.org,Unknown,2024-12-04,2024,2024-12
Erica Adkins,danielparker@example.org,West,2023-07-16,2023,2023-07
Gail Kelly,sarahstone@example.net,East,2024-02-16,2024,2024-02
Briana Martinez,zacharyperez@example.org,West,2025-01-09,2025,2025-01
Anthony Clark,ana71@example.com,South,2024-02-04,2024,2024-02
William Goodman,kroberts@example.com,East,2023-05-29,2023,2023-05
Julie Tyler,roberthensley@example.org,Unknown,2024-07-12,2024,2024-07
Ariel Taylor,gary73@example.org,East,2024-08-27,2024,2024-08
Hunter Buchanan,chadhendricks@example.net,North,2024-10-25,2024,2024-10
Bryan Lee,smithherbert@example.org,East,2024-10-09,2024,2024-10
Kevin Porter,walkerderek@example.org,West,2024-11-03,2024,2024-11
Jaclyn Flores,john74@example.com,South,2025-04-08,2025,2025-04
Lisa Nelson,tracyrodriguez@example.org,Unknown,2023-09-02,2023,2023-09
Jennifer Oneill,michaelcruz@example.org,East,2024-10-14,2024,2024-10
Larry Thomas,ncraig@example.com,West,2025-02-27,2025,2025-02
Michael Carter,mariah89@example.org,East,2024-12-30,2024,2024-12
Julie Adams,brookedavis@example.org,West,2024-04-26,2024,2024-04
Jason Perez,ewingapril@example.org,North,2024-12-22,2024,2024-12
Rachael Rose,heatherwright@example.com,North,2023-07-04,2023,2023-07
Benjamin Brooks,psmith@example.org,North,2025-01-13,2025,2025-01
Carolyn Matthews,sleonard@example.net,South,2023-04-25,2023,2023-04
Elizabeth Dominguez,boydkenneth@example.net,South,2025-01-19,2025,2025-01
Loretta Woods,zmosley@example.org,Unknown,2023-10-03,2023,2023-10
Jimmy Smith,jamescole@example.com,West,2025-02-13,2025,2025-02
Meghan Garcia,pbennett@example.org,East,2024-04-18,2024,2024-04
Bruce Sanchez,huntchristopher@example.org,North,2023-11-18,2023,2023-11
Austin Davis,michaelrichardson@example.com,South,2023-05-29,2023,2023-05
Leah Griffin,paceashley@example.com,East,2023-12-10,2023,2023-12
Michael Cole,thomas85@example.org,East,2024-02-24,2024,2024-02
John Smith,wjones@example.net,South,2024-01-23,2024,2024-01
Abigail Harper,nicholastucker@example.net,North,2025-02-09,2025,2025-02
Richard Wilson,stevensjoseph@example.org,North,2025-02-08,2025,2025-02
Wendy Smith,danielle29@example.net,Unknown,2023-07-20,2023,2023-07
Gregory Mathews,joseph63@example.com,South,2023-05-30,2023,2023-05
Joel Thomas,christine10@example.org,East,2024-07-23,2024,2024-07
Monica Landry,noahbrown@example.com,North,2024-02-10,2024,2024-02
Robert Conner,anna27@example.com,South,2024-05-22,2024,2024-05
Sharon Walsh,matthewcarlson@example.org,Unknown,2023-09-06,2023,2023-09
Michael Williams,cmays@example.net,Unknown,2024-09-06,2024,2024-09
Mark Guerra,cynthia49@example.org,West,2024-04-12,2024,2024-04
Beverly Taylor,graymikayla@example.org,Unknown,2024-08-04,2024,2024-08
Katherine Brandt,robinsonnorman@example.org,West,2024-11-20,2024,2024-11
Danielle Alvarado,pmeyer@example.org,West,2023-10-27,2023,2023-10
Kristen Dodson,dereksmith@example.org,North,2025-03-17,2025,2025-03
Timothy Martinez,hughesheidi@example.net,North,2023-08-06,2023,2023-08
Carol Williams,heather70@example.net,North,2023-11-01,2023,2023-11
David Brooks,brownashley@example.net,Unknown,2024-05-19,2024,2024-05
Adam Soto,sophia33@example.com,North,2024-11-24,2024,2024-11
Anthony Haas,daniel45@example.org,West,2023-10-16,2023,2023-10
Sharon Smith,heatheryoung@example.net,West,2024-09-26,2024,2024-09
Spencer Lang,rharris@example.com,West,2024-02-20,2024,2024-02
Christian Miranda,cohentara@example.net,South,2023-10-11,2023,2023-10
Thomas Scott,christina71@example.org,South,2024-05-30,2024,2024-05
Gary Thomas,courtney84@example.com,North,2023-04-29,2023,2023-04
Johnathan Warner,jamespowers@example.net,West,2023-11-02,2023,2023-11
Gabriel Ruiz,sarah31@example.com,South,2023-10-30,2023,2023-10
Laura Avila,shelby47@example.org,Unknown,2024-12-14,2024,2024-12
Emily Brown,freemanlinda@example.com,North,2024-08-08,2024,2024-08
Sherry Simpson,martindeanna@example.org,Unknown,2023-07-02,2023,2023-07
Benjamin Shepard,tbrown@example.org,West,2024-06-08,2024,2024-06
David Juarez,mia29@example.net,South,2024-09-25,2024,2024-09
Michelle Richardson,michael78@example.com,West,2023-07-22,2023,2023-07
Ann Bell,jodiwise@example.com,East,2023-04-26,2023,2023-04
Joshua Diaz,pdaugherty@example.com,North,2023-05-18,2023,2023-05
Jason Juarez,bsanders@example.net,West,2023-07-28,2023,2023-07
Donald Kirby,oolsen@example.net,North,2024-06-12,2024,2024-06
Angela Gonzales,michaelvelasquez@example.com,East,2024-12-11,2024,2024-12
Brian Campbell,ivega@example.net,Unknown,2023-12-01,2023,2023-12
Brittany Green,gibsonmindy@example.net,South,2023-05-29,2023,2023-05
Austin Smith,jamesdiaz@example.org,West,2025-02-16,2025,2025-02
Bryan Dixon,michellewagner@example.net,West,2023-05-06,2023,2023-05
Bethany Burch,elliottdanielle@example.net,East,2025-02-13,2025,2025-02
Tamara Nguyen,romerokelly@example.net,West,2024-05-17,2024,2024-05
Robin Turner,cindy46@example.net,South,2024-11-13,2024,2024-11
Miss Monica Martin,lgregory@example.com,Unknown,2023-11-05,2023,2023-11
Austin Jones,richardperez@example.net,North,2023-09-09,2023,2023-09
Holly Cruz,michellepaul@example.net,West,2023-05-11,2023,2023-05
Deborah Phillips,jonathan57@example.com,East,2023-07-23,2023,2023-07
Andrew Hall,stephen61@example.net,West,2024-08-23,2024,2024-08
Steven Dillon,epena@example.org,Unknown,2024-11-12,2024,2024-11
Julia Bush,tammysmith@example.net,West,2023-05-20,2023,2023-05
Julie Henson,justingreen@example.org,East,2023-05-28,2023,2023-05
Jeff Wells,robinjohnston@example.org,Unknown,2024-12-18,2024,2024-12
Mark Cortez,cynthiapearson@example.org,Unknown,2024-08-11,2024,2024-08
Noah Porter,danielmartinez@example.org,West,2024-02-04,2024,2024-02
Lauren Bradford,goodwincatherine@example.com,Unknown,2024-10-26,2024,2024-10
Sabrina Scott,scott88@example.net,East,2023-06-17,2023,2023-06
Nicholas Morales,rick02@example.com,Unknown,2024-06-27,2024,2024-06
Timothy Flores,katierollins@example.org,North,2024-01-20,2024,2024-01
Ryan Young,daniel27@example.com,North,2024-10-10,2024,2024-10
Kimberly Palmer,ilang@example.com,South,2024-05-08,2024,2024-05
Alexandria Walker,angela54@example.com,South,2024-10-21,2024,2024-10
Ryan Berry,robinsonsally@example.net,North,2024-09-05,2024,2024-09
Hannah Perez,carlos05@example.com,East,2025-01-09,2025,2025-01
Daniel Park,jessica26@example.com,South,2024-05-15,2024,2024-05
Julie Clay,parnold@example.net,East,2024-09-20,2024,2024-09
Kimberly Nash,qfarrell@example.org,South,2023-08-22,2023,2023-08
Paula Ramsey,stevenslori@example.org,South,2024-10-24,2024,2024-10
Ian Atkinson,kevin28@example.net,North,2024-04-15,2024,2024-04
Robert Berg,danielpitts@example.com,West,2023-12-04,2023,2023-12
Jason Atkinson,cpennington@example.com,South,2024-11-24,2024,2024-11
Michael Richardson,njenkins@example.net,North,2024-08-28,2024,2024-08
Shane Alvarez,tonyaandrade@example.com,Unknown,2023-09-27,2023,2023-09
Courtney Terrell,perezjoshua@example.org,West,2025-04-12,2025,2025-04
Jason Huang,vking@example.com,West,2023-06-26,2023,2023-06
Mark Beck,drobinson@example.com,Unknown,2025-03-03,2025,2025-03
Haley Yang,johnsonhannah@example.net,North,2023-07-25,2023,2023-07
Anthony Dixon,kalvarez@example.com,Unknown,2024-04-19,2024,2024-04
Edward Johnson,benjamin84@example.com,East,2023-09-22,2023,2023-09
Barbara Cantu,caitlindavidson@example.net,South,2023-10-17,2023,2023-10
Keith Martin,grantjohnny@example.com,North,2023-08-14,2023,2023-08
Jessica Martinez,mclark@example.com,Unknown,2024-07-20,2024,2024-07
Michelle Welch,fbenson@example.net,Unknown,2023-12-16,2023,2023-12
Stacey Little,derek10@example.org,Unknown,2024-11-19,2024,2024-11
Matthew Smith,adam78@example.net,South,2024-04-24,2024,2024-04
Nicole Solis,collinssara@example.net,South,2023-10-07,2023,2023-10
Margaret Winters,deborah66@example.com,Unknown,2024-09-19,2024,2024-09
David Alvarado,jermaine75@example.net,North,2025-04-07,2025,2025-04
Nathaniel Smith,oliviahunt@example.org,West,2023-11-21,2023,2023-11
Dr. Antonio Hughes,melinda61@example.net,West,2024-05-22,2024,2024-05
John Salazar,carol65@example.com,West,2024-05-11,2024,2024-05
Isaac Henry,stephenmack@example.org,North,2023-09-19,2023,2023-09
Ryan Boyd,samanthaduran@example.net,South,2024-01-21,2024,2024-01
Guy Gordon,bjohnson@example.org,West,2024-07-28,2024,2024-07
Deborah Mclaughlin,meganballard@example.org,North,2024-01-15,2024,2024-01
Robert Brown,miranda07@example.com,East,2024-01-08,2024,2024-01
Jeffrey Crane,wolfethomas@example.org,West,2024-02-11,2024,2024-02
Tammy Hale,kennethrodriguez@example.com,North,2023-06-27,2023,2023-06
Marcus Daniels,alanlogan@example.org,South,2023-11-22,2023,2023-11
Dustin Payne,nunezjacqueline@example.net,West,2023-07-30,2023,2023-07
Olivia Butler,herrerastephen@example.net,North,2023-12-30,2023,2023-12
Michael Nguyen,josephsimmons@example.net,South,2023-08-20,2023,2023-08
Austin Miranda,zfarmer@example.net,East,2024-05-01,2024,2024-05
Leslie Mejia,ianderson@example.net,West,2023-07-15,2023,2023-07
Maxwell Roberts,lauren66@example.net,South,2024-03-16,2024,2024-03
Rachel Thompson,rasmussenmichael@example.org,Unknown,2023-07-03,2023,2023-07
Adrian Young,staceybrown@example.net,Unknown,2025-01-05,2025,2025-01
John Conway,larsonheather@example.org,East,2023-07-23,2023,2023-07
Sherry Campbell,floresmaria@example.net,Unknown,2024-10-16,2024,2024-10
Andrew Tate,patrick36@example.com,North,2024-11-16,2024,2024-11
Rachel Massey,brendacabrera@example.net,West,2024-11-07,2024,2024-11
Richard Scott,egraham@example.net,South,2023-05-08,2023,2023-05
Laura Moody,ocarter@example.net,South,2023-06-05,2023,2023-06
Brandon Parker,webstervictoria@example.com,West,2023-08-17,2023,2023-08
Jesse Young,brianclark@example.com,East,2023-09-19,2023,2023-09
Michael Hernandez,daniel58@example.org,North,2024-05-23,2024,2024-05
Rebecca Martinez,fblake@example.org,North,2024-03-03,2024,2024-03
Kelly Rice,ericadeleon@example.net,East,2023-10-25,2023,2023-10
Rebecca Hawkins DDS,leslie82@example.org,Unknown,2024-07-03,2024,2024-07
Maria Smith,richardmccall@example.org,East,2025-01-07,2025,2025-01
Robert King,richardsonbrian@example.org,West,2024-10-24,2024,2024-10
Tammy Miller,sjones@example.com,South,2023-08-28,2023,2023-08
Jon Keller,jphillips@example.com,East,2024-11-08,2024,2024-11
Andrew Tucker,lisadaniels@example.net,Unknown,2025-01-29,2025,2025-01
Sharon Pierce,ptaylor@example.com,North,2023-12-14,2023,2023-12
Ruth Curtis,willie02@example.org,South,2025-02-18,2025,2025-02
Elizabeth Baker,xjones@example.com,East,2023-06-12,2023,2023-06
Joshua Miller,sharon28@example.net,North,2024-01-02,2024,2024-01
Jordan Duran,xjackson@example.org,South,2025-03-09,2025,2025-03
Richard Jones,mario59@example.com,South,2024-01-30,2024,2024-01
Aaron Waters,amymartinez@example.org,West,2023-07-29,2023,2023-07
Megan Ramirez,brightanthony@example.net,South,2023-07-30,2023,2023-07
Joshua Chambers,swansonamy@example.org,North,2023-07-29,2023,2023-07
Erika Daniel,marynovak@example.net,East,2024-04-20,2024,2024-04
Kellie Ellis,halecarolyn@example.com,West,2025-02-14,2025,2025-02
Samantha Johnson,kjones@example.com,South,2025-01-26,2025,2025-01
Alexandra Osborne,lynn60@example.com,North,2023-06-20,2023,2023-06
Nicole Owens,wendydoyle@example.com,South,2023-05-05,2023,2023-05
Jaime Marsh,maria18@example.com,West,2023-08-26,2023,2023-08
Joseph Ellis,maurice52@example.net,West,2023-05-31,2023,2023-05
Katherine Keith MD,kbrown@example.com,South,2023-06-11,2023,2023-06
Stephanie Green,rodriguezmeredith@example.org,South,2025-01-04,2025,2025-01
Louis Chandler,olsonkyle@example.net,Unknown,2025-03-12,2025,2025-03
Lisa Brewer,vmoreno@example.com,North,2024-07-17,2024,2024-07
Gary Chavez,cathykim@example.com,East,2024-01-09,2024,2024-01
Mr. Ian Rodriguez,heather09@example.org,South,2024-08-03,2024,2024-08
Lisa Leonard,kellybenson@example.com,North,2024-08-26,2024,2024-08
Amanda Arnold,zsmith@example.net,South,2023-07-31,2023,2023-07
Christopher Smith,burkedana@example.org,West,2023-11-26,2023,2023-11
Sherry Franco,rgoodman@example.net,South,2025-03-20,2025,2025-03
Connie Lee,anthonykaiser@example.com,West,2024-06-27,2024,2024-06
Tracey Stewart,amanda73@example.net,West,2024-04-10,2024,2024-04
Caitlin Castro,lisa52@example.com,North,2024-09-15,2024,2024-09
Andrea Hood,angelamorse@example.org,Unknown,2024-09-14,2024,2024-09
Philip Allen,joshua70@example.com,West,2024-01-11,2024,2024-01
Bonnie Allen,jacobsonsusan@example.com,Unknown,2023-05-05,2023,2023-05
Glenn Mcgrath,alicia49@example.com,South,2024-02-03,2024,2024-02
Richard Hanson,keithpotter@example.org,North,2024-08-29,2024,2024-08
Elizabeth Hobbs,henry69@example.com,South,2024-05-25,2024,2024-05
Lisa Spence,christopherhawkins@example.org,North,2023-07-01,2023,2023-07
Alyssa Clark,kingtyler@example.com,South,2023-09-26,2023,2023-09
Lisa Beasley,ronaldpatterson@example.com,North,2023-06-14,2023,2023-06
Jonathan Williamson,cory12@example.net,Unknown,2024-05-29,2024,2024-05
Brian Salazar,ashleykimberly@example.org,East,2023-10-14,2023,2023-10
Maria Evans,jennayoder@example.net,East,2023-11-05,2023,2023-11
Joseph Bartlett,jessicalyons@example.net,North,2023-09-19,2023,2023-09
Lori Chavez,allison65@example.net,Unknown,2023-05-12,2023,2023-05
Catherine Adkins,xbruce@example.org,Unknown,2023-08-24,2023,2023-08
Lori Pierce,sgardner@example.org,Unknown,2025-03-05,2025,2025-03
Sara Woodward,cynthia84@example.net,Unknown,2025-01-05,2025,2025-01
Lance Moses,rebecca72@example.com,North,2023-08-09,2023,2023-08
Christopher Stone,gabrielle14@example.org,North,2024-08-25,2024,2024-08
Jonathan Delgado,cjones@example.org,North,2023-07-09,2023,2023-07
Dan Vaughn,kristenanderson@example.org,South,2024-07-29,2024,2024-07
Jacob Elliott,matthew27@example.com,North,2024-03-08,2024,2024-03
Jackie Mullins,bevans@example.com,West,2025-01-14,2025,2025-01
Steven Henson,bwaters@example.org,East,2023-06-03,2023,2023-06
Dr. Richard Bryan Jr.,robertgonzalez@example.org,North,2023-07-31,2023,2023-07
Amy Rios,james57@example.net,North,2024-05-01,2024,2024-05
Stephen Olsen,amandarivera@example.net,East,2024-04-25,2024,2024-04
Matthew Reynolds,hughesmichelle@example.org,North,2024-07-03,2024,2024-07
Todd Stevens,skinnerbrandon@example.com,East,2023-05-29,2023,2023-05
Collin Huynh,blairsally@example.com,East,2023-12-06,2023,2023-12
Stephen Pacheco,carmenhartman@example.org,South,2025-01-11,2025,2025-01
Anna Mcdowell,jowens@example.com,South,2023-06-14,2023,2023-06
Cynthia Gill,cwhite@example.org,North,2023-10-21,2023,2023-10
Brandy Stafford,tabithamann@example.org,North,2023-05-09,2023,2023-05
Stephanie Pierce DDS,hartjoel@example.com,North,2023-05-29,2023,2023-05
Paul Sanchez,lauren82@example.org,West,2024-01-10,2024,2024-01
Blake Nielsen,tbailey@example.net,East,2024-07-20,2024,2024-07
Teresa Webb,tsullivan@example.net,Unknown,2024-09-27,2024,2024-09
Richard Wright,espinozavirginia@example.org,West,2024-06-19,2024,2024-06
Kevin Gonzalez,sotoallison@example.org,West,2024-08-23,2024,2024-08
Miranda Kennedy,roseronald@example.net,East,2023-12-03,2023,2023-12
Bernard Flores,owhite@example.org,West,2024-12-14,2024,2024-12
Julie Mccormick,benjamin52@example.org,East,2024-07-20,2024,2024-07
Joshua Crawford,blivingston@example.net,South,2023-07-02,2023,2023-07
Nathan Harper,dsmith@example.net,North,2023-07-05,2023,2023-07
Trevor Miller,obrienkelly@example.net,West,2024-10-14,2024,2024-10
Mariah Anderson,barnesnicole@example.org,East,2024-08-03,2024,2024-08
Peter Alexander,yriggs@example.org,East,2025-01-03,2025,2025-01
Jacob Dunlap,fmckay@example.org,North,2024-07-29,2024,2024-07
