customer_id,name,email,signup_date,last_purchase,total_spent,region
8900.0,Amber Holt,werneramber@example.org,2023-01-17,2025-01-14,447.18,new jersey
7888.0,Jody Grant,tfisher@example.net,2021-08-16,2024-04-23,330.23,new jersey
,Amber Espinoza,,,,19.82,online
6609.0,Michael Macias,barnesdebra@example.net,2023-11-30,2024-06-19,224.02,kentucky
8600.0,Beth Jones,jeffreyfreeman@example.net,2021-01-15,2024-11-19,89.08,alabama
6697.0,Keith Henry,uabbott@example.com,2023-08-23,2025-02-03,456.1,pennsylvania
4889.0,Scott Martin,jstanton@example.org,2021-03-10,2025-03-22,413.39,new hampshire
,Tammy Campbell,antonio16@example.com,,,423.36,western
2121.0,Daniel Jacobson Phd,irodgers@example.org,2021-02-24,2024-11-24,450.18,massachusetts
3243.0,Virginia Zavala,invalid_email,,,362.26,
5743.0,Michael Garcia Jr.,ljensen@example.net,2021-06-18,2024-08-07,379.74,rhode island
7038.0,Stephanie Rivera,josephbutler@example.com,2021-01-23,2025-03-22,54.27,wyoming
9418.0,Peter Moore,herringmelvin@example.net,2020-03-29,2025-01-19,391.9,iowa
4979.0,Kevin Mitchell,brenda31@example.org,2023-03-18,2024-12-08,48.58,georgia
5301.0,Laura Best,greerangela@example.org,2024-10-17,2024-09-03,407.84,hawaii
8591.0,Frederick Hamilton,michaelrodriguez@example.org,2024-11-06,2024-11-17,426.34,texas
3317.0,Melanie Stewart,john55@example.com,2024-10-25,2024-06-25,267.61,arkansas
1415.0,Jeffrey Jimenez,karen25@example.com,2020-08-12,2024-12-07,177.95,alaska
8762.0,James Mccormick,karen39@example.org,2024-08-01,2025-03-16,195.55,indiana
3580.0,Melissa Cook,joshuaburton@example.net,2020-05-15,2024-10-22,205.44,oklahoma
,Colin Nelson,ianruiz#example.com,,2025-01-12,,eastern
7456.0,Mike Edwards,valenzuelachristopher@example.com,2025-02-26,2024-11-21,390.05,west virginia
5485.0,Jonathan Neal,james55@example.org,2020-10-17,2024-04-30,337.56,wyoming
2414.0,Joanna Crawford,williamcampbell@example.com,2022-12-20,2024-12-16,447.56,rhode island
1285.0,,invalid_email,,2025-04-20,0.0,unknown
4337.0,Renee Baker,tracywalker@example.org,2022-08-18,2025-03-17,24.61,vermont
6143.0,,beckerjohn@example.org,,2025-02-14,0.0,online
3757.0,Margaret Mcdowell,bcarey@example.org,2020-05-19,2024-10-28,296.56,pennsylvania
2225.0,Thomas Dyer,ortiztasha@example.net,2021-01-01,2024-11-10,264.31,illinois
9160.0,Carolyn Sanchez,jenningspaul@example.org,2020-09-01,2024-07-22,344.67,kentucky
6269.0,Megan Booker,invalid_email,,2025-01-14,,online
2852.0,Jasmine Griffin,nancysavage#example.com,,,0.0,unknown
6964.0,Shawn Hernandez,pbenson@example.com,2022-08-04,2025-01-07,431.68,missouri
9708.0,Joseph Hudson,zsantos@example.org,2020-04-04,2024-06-04,283.75,new hampshire
,Scott Bennett,,,,0.0,unknown
,,invalid_email,,,210.07,hawaii
1882.0,Mark Bradley,jasonsteele@example.net,2022-09-15,2024-05-08,458.62,pennsylvania
2262.0,Jared Boyd,williammoore#example.com,,2024-08-06,,florida
9807.0,Ms. Michelle Payne Md,walkertracey@example.com,2021-03-10,2024-11-03,179.99,wyoming
,Lauren Ferguson,okim@example.com,,,0.0,eastern
3189.0,Christopher Smith,reidheather@example.org,2024-06-21,2024-11-23,269.22,west virginia
2443.0,Mary York,aaron56@example.org,2024-05-24,2024-12-24,45.47,kansas
8278.0,Brenda Fuentes,richard14@example.org,2020-01-02,2024-11-27,111.27,washington
9439.0,Kathy Jordan,dianahenson@example.com,2023-08-09,2025-03-23,440.23,utah
9313.0,Joseph Johnson,kennedyduane@example.com,2021-03-04,2024-07-03,321.43,michigan
6920.0,Kevin Joyce,jodi78@example.com,2020-10-17,2024-10-21,304.8,minnesota
9679.0,Kenneth Campbell,silvajessica@example.com,2021-11-02,2024-11-24,481.76,iowa
6882.0,Kent Chang,powersholly@example.org,2021-05-27,2025-04-08,409.66,new hampshire
2747.0,Andrea Beck,iwhite@example.net,2024-03-28,2024-08-16,295.32,oklahoma
,Sabrina Mckinney,,,2024-09-28,0.0,unknown
,,invalid_email,,,0.0,unknown
2497.0,Steven Cervantes,emartinez@example.com,2022-08-22,2025-03-19,135.61,hawaii
8350.0,Donna Wilson,rbaker@example.org,2024-01-01,2025-02-16,31.74,kansas
2192.0,Jerome Mccullough,scottalexander@example.org,2020-02-14,2024-09-20,229.29,new jersey
6831.0,Michael Baker,uwise@example.net,2023-05-23,2024-11-13,380.25,tennessee
5252.0,Ronald Norman,adrianenglish@example.org,2023-08-26,2024-05-07,241.51,illinois
4971.0,Zachary Burton,martinezdavid@example.net,2023-09-23,2024-11-06,301.47,idaho
8396.0,Kenneth Kelly,porterderrick@example.net,2022-12-28,2024-04-29,361.66,new hampshire
4433.0,Edward Brooks,nross@example.org,2025-03-22,2025-01-08,287.58,hawaii
2726.0,Jason Simmons,rgomez@example.com,2022-01-12,2025-04-14,308.53,missouri
8347.0,Daniel Bridges,april45@example.com,2022-08-23,2024-05-08,199.56,north dakota
9134.0,James Weber,hcooper@example.com,2025-03-15,2025-03-01,381.18,nevada
2893.0,Kevin Watkins,dcunningham@example.net,2020-05-27,2025-02-03,214.83,michigan
2735.0,,hector88@example.net,,2024-12-28,,online
,Amber Kline,invalid_email,,2025-02-19,186.52,minnesota
,Scott Griffin,,,2025-02-05,,online
,Henry Walker,invalid_email,,2025-04-09,,louisiana
8240.0,Michelle Mcgee,leachlauren@example.com,2023-02-02,2025-01-12,472.0,arizona
1787.0,Chad Taylor,osbornedwin@example.com,2021-08-17,2025-03-12,335.23,nebraska
4030.0,Peter Lutz,john37@example.com,2023-03-13,2024-06-15,352.66,illinois
,Jennifer Patel,destiny57#example.com,,,,eastern
4324.0,Adam Swanson Phd,staceycarson@example.org,2021-05-18,2025-03-09,410.55,georgia
5485.0,,lambertterri@example.net,,,453.53,hawaii
8034.0,Megan Thompson,corey25@example.com,2022-06-27,2025-03-11,162.15,iowa
8930.0,Thomas Barnett,williamslee@example.org,,,0.0,online
5909.0,Susan Villarreal,christopher81@example.com,2021-10-05,2025-03-23,418.24,nevada
7668.0,Antonio Gray,lopezsarah@example.net,2021-06-09,2024-10-02,53.44,new mexico
4422.0,Robert Garrett,brownstephanie@example.org,2024-09-19,2024-04-23,34.37,missouri
4566.0,,mcdonaldtyler#example.org,,2024-12-09,,
3890.0,Ashley Allen,marshjustin@example.com,2023-05-01,2024-09-26,212.14,massachusetts
6833.0,Dr. Robert Cross,smithnathaniel@example.com,2020-08-25,2024-07-14,359.26,nebraska
6955.0,Taylor Smith,crossbrian@example.net,2024-02-29,2024-06-08,48.63,georgia
2454.0,John Davidson,oturner@example.org,2022-09-09,2025-03-28,32.5,florida
2477.0,Kristen Ortiz,amy76@example.org,2025-03-02,2025-03-17,178.84,nebraska
3559.0,Roberto Glover,brandon31@example.org,2020-09-26,2024-11-07,462.59,west virginia
4989.0,Jessica Mays,tthomas@example.net,2024-05-18,2025-01-17,84.2,rhode island
9506.0,Jason Hayes,amanda89@example.net,2025-01-01,2025-01-16,80.27,utah
1217.0,Matthew Henson,psmith@example.net,2021-09-30,2025-04-16,394.59,louisiana
7755.0,Richard Sanchez,robert71@example.com,2021-05-22,2024-06-02,442.82,massachusetts
,Daniel Cook,barnesrachel#example.net,,2024-07-08,,
5447.0,Wendy Rivera,jessica26@example.org,2023-10-05,2024-05-10,259.6,florida
2920.0,Raymond Thompson,,,,,
7088.0,Darryl Cooper,woodsmaria@example.net,2021-01-11,2024-12-24,122.21,tennessee
9504.0,Thomas Vasquez,brookemurray#example.net,,,0.0,online
5488.0,,kendraprice#example.net,,,,eastern
8103.0,Sarah Singh,richardbutler@example.org,2020-10-18,2024-05-16,275.27,oregon
5926.0,Steven Mathis,aguirrekaren@example.org,2023-07-09,2024-04-28,401.64,rhode island
,Rachel Schroeder,,,,,eastern
7711.0,Ashley Kelly,parkgregory@example.net,2021-01-09,2025-01-02,120.97,north dakota
6346.0,Ralph Lopez,mark27@example.com,2021-05-03,2024-07-27,312.61,wisconsin
2361.0,Robert Bush,haneymichael@example.com,2020-06-22,2024-11-20,311.89,massachusetts
2795.0,Shelia Martinez,mwalker@example.com,2022-08-14,2024-10-16,244.95,iowa
4316.0,Joshua Simmons,tsmith@example.net,2020-10-24,2024-07-07,362.35,pennsylvania
1161.0,Lindsey Brown,obauer@example.net,2022-08-27,2025-03-12,293.88,pennsylvania
9610.0,Diamond Schultz,carolynchambers@example.org,2022-09-22,2024-12-05,304.07,south carolina
6618.0,Blake Gonzalez,etaylor@example.net,2020-05-05,2024-07-27,63.63,vermont
3526.0,Jessica Martinez,charleswu@example.com,2022-12-21,2024-10-27,106.64,new york
6379.0,Tiffany Hammond,melanieross@example.com,2020-03-24,2024-06-07,428.9,new jersey
7213.0,Johnny Pope,eric50@example.org,2020-09-15,2024-10-23,131.81,wyoming
,,kmalone#example.com,,2024-11-13,469.87,
2052.0,Kenneth Parrish,gmorris@example.com,2023-06-13,2024-05-09,175.84,montana
1944.0,Kyle Hall,leesusan@example.org,2023-10-18,2024-05-22,410.25,alaska
7456.0,Melanie Thompson,kevin39@example.com,2022-06-03,2024-07-31,71.86,nebraska
9314.0,Carol Warner,laurie42@example.net,2021-09-12,2025-04-17,356.35,minnesota
1355.0,William Olsen,bbell@example.com,2021-02-11,2024-05-13,132.33,utah
,,,,2025-04-05,,eastern
8762.0,Cody Ramirez,wrighterin@example.com,2024-01-07,2024-09-10,290.03,north carolina
,Shelby Walker,invalid_email,,,141.93,unknown
,Kelsey Taylor,dlopez@example.org,,,0.0,western
1016.0,Michelle Gonzalez,shannonblair@example.org,2023-11-21,2025-03-16,148.78,iowa
5943.0,Debbie Roberts,seanmeyer@example.com,2024-04-12,2024-07-09,299.68,wisconsin
4899.0,Ashley Dodson,woodjoshua@example.org,2024-09-01,2024-11-19,498.23,alabama
,Ann Crawford,,,,,
,David Chambers,invalid_email,,2024-06-25,,western
2676.0,Dr. James Goodman,carol70@example.com,2024-10-20,2024-08-24,348.1,massachusetts
1161.0,Richard Reed,robertmays@example.net,2024-02-05,2024-11-17,145.49,alabama
9903.0,Andrew Yu,thomascummings@example.net,2022-01-29,2024-11-12,202.11,california
5300.0,Michael Thomas,guerrajeff@example.net,2021-01-27,2025-01-24,76.28,missouri
3070.0,Donald Johnson,ryanrios@example.net,2022-06-20,2024-06-22,59.34,florida
,Keith Nelson,,,2024-11-13,0.0,unknown
4601.0,Christopher Simmons,lisaruiz@example.net,2020-07-17,2024-10-24,214.06,iowa
3067.0,Jonathan Carrillo,andrewbrooks@example.com,2020-01-29,2025-04-09,97.69,utah
8396.0,Daniel Schwartz,blackwilliam@example.net,2021-05-15,2025-03-03,179.72,kentucky
5891.0,Lindsey Cole,daniellehoffman@example.com,2021-11-12,2024-06-30,234.86,missouri
8245.0,April Peters,noahsimmons@example.net,2021-05-17,2025-01-22,312.32,minnesota
,Susan Erickson,,,,0.0,western
,Dale Gonzales,,,2024-05-16,,oregon
8877.0,Kevin Stephenson,knoxryan@example.org,2023-01-17,2024-11-13,69.29,hawaii
3857.0,,meyereric@example.net,,,,massachusetts
3743.0,James Ingram,ffranco@example.net,2020-05-07,2024-11-21,50.51,tennessee
1974.0,Cynthia Pena,sarahstone@example.com,2025-03-13,2025-03-08,58.0,ohio
2518.0,Dwayne Sanchez,jeremiahtucker@example.com,2021-03-09,2024-08-01,345.97,colorado
5643.0,Colin Cantrell,megan48@example.org,2025-04-15,2024-07-15,375.88,california
7005.0,Adrian May,jesus37@example.org,2022-05-20,2024-05-13,38.57,utah
1249.0,Amy Kramer,ruthreed@example.com,2025-03-23,2024-10-06,89.68,virginia
,Mrs. Jessica Mitchell,invalid_email,,,,online
2070.0,Roger Small,christophercabrera@example.org,2025-01-05,2024-04-30,168.16,north carolina
2755.0,Jonathan Webster,rosejeremiah@example.com,2022-07-24,2024-12-22,428.22,alaska
4728.0,Clayton Cruz,adam94@example.org,2020-12-28,2024-12-09,438.41,wisconsin
,Emily Mcneil,,,,,nevada
7144.0,Logan Hensley,penakristy@example.org,,2024-05-17,,unknown
3129.0,,jaydaniels#example.org,,,,unknown
4711.0,Keith Raymond,itanner@example.org,2023-05-06,2024-09-20,497.74,tennessee
1901.0,Molly Morgan,kirbyjennifer@example.org,2021-11-02,2024-07-02,337.89,utah
6064.0,Cindy Armstrong,hthomas@example.org,2024-08-15,2025-01-16,207.32,delaware
2983.0,Anthony Shaffer,tanner18@example.net,2023-09-05,2024-10-18,175.78,delaware
8764.0,Kathy Smith,coxstephanie@example.com,2020-11-11,2025-03-19,160.6,utah
2173.0,Misty Jones,jenny21@example.com,2021-05-18,2024-06-25,175.26,georgia
6899.0,Angela Carter,bgarcia@example.org,2022-12-24,2025-01-07,347.69,new hampshire
5704.0,Johnny Adams,michael11@example.org,2023-10-18,2024-04-23,245.03,louisiana
7060.0,Toni Chapman,vickiecunningham@example.net,2021-06-29,2024-04-30,79.15,mississippi
5635.0,Michael Smith,devon02@example.com,2021-10-23,2024-12-12,273.92,colorado
1774.0,Paul Rhodes,invalid_email,,,,wisconsin
,,harringtonlucas#example.org,,2024-07-02,,michigan
,Jacob Nichols,,,,0.0,
8433.0,Joshua Fisher,andrewglenn@example.org,2023-03-13,2024-08-17,307.64,oklahoma
7291.0,Julian Robertson Ii,danielshelly@example.org,2023-12-11,2024-10-31,207.36,nevada
9087.0,Caleb Alexander,sarahroberts#example.com,,2025-03-24,,western
1387.0,Brandy Castillo,ggardner@example.org,2024-04-24,2025-04-18,477.13,georgia
3981.0,Cynthia Moyer,zruiz@example.com,2023-03-29,2024-08-11,94.38,kansas
9462.0,Tracey Butler,gavin54@example.com,2024-05-11,2024-11-19,44.26,wyoming
,Sarah Morris,vernon27@example.com,,2024-08-25,,utah
3894.0,Ryan Abbott,,,,,unknown
9978.0,Nicole Castro,jerry15@example.org,2021-04-25,2025-01-18,327.11,vermont
9567.0,Barbara Lopez,zedwards@example.net,2023-05-12,2025-02-18,147.77,new jersey
7656.0,Jennifer Herrera,anncase@example.com,2022-07-03,2025-03-01,157.42,north carolina
5583.0,Frank Kelley,invalid_email,,2024-05-20,,western
6668.0,Jenna Nelson,invalid_email,,,,unknown
2599.0,Bradley Khan Iii,michael34@example.net,2020-08-05,2024-12-02,94.41,virginia
7722.0,Kevin Larson,youngjulie@example.net,2020-12-04,2025-03-13,126.55,idaho
4847.0,Ernest Gillespie,dmoore@example.org,2022-08-23,2024-09-02,120.36,missouri
8064.0,Brian Floyd,levymelissa#example.org,,,,unknown
3821.0,Joanne Graham,invalid_email,,,,eastern
9479.0,Karen Brown,gespinoza@example.org,2020-05-10,2025-02-14,442.43,rhode island
1503.0,Sean Harmon,karen32@example.com,2023-07-14,2024-06-05,496.66,pennsylvania
1372.0,Sharon Richardson,csanchez@example.com,2024-09-16,2024-07-22,465.17,indiana
9987.0,Mandy Crawford,asmith@example.com,2021-12-25,2024-04-21,129.33,ohio
2636.0,Michael Hughes,lori58@example.com,2020-10-26,2024-05-31,188.94,pennsylvania
8849.0,Jesus Matthews,collinsjesus@example.net,2021-10-17,2024-12-04,165.79,arkansas
4923.0,Daniel Holland,sprince@example.net,2023-05-13,2024-09-06,18.65,south carolina
3409.0,Jeremy Smith,omckenzie@example.net,2021-11-29,2025-02-06,451.43,vermont
5066.0,Beth Cole,wallacesarah@example.com,2020-03-20,2024-12-12,232.25,minnesota
8046.0,Johnathan Foster,melanie31@example.com,2024-03-14,2024-05-28,59.5,kentucky
6663.0,James Cruz,johnrivers@example.net,2020-08-05,2025-01-10,46.15,arkansas
1367.0,Jennifer Smith,vmoore@example.org,2024-06-11,2024-11-10,211.3,kansas
6619.0,Michael Griffin,bmills@example.org,2021-10-30,2025-02-07,451.57,montana
1448.0,Nicholas Price,vasquezsusan@example.org,2022-10-31,2025-01-01,255.17,south dakota
5450.0,Kevin Warner,wudylan@example.com,2024-09-17,2024-06-12,287.03,rhode island
4552.0,John Lutz,tiffanyallen#example.com,,,0.0,online
,Anthony Cruz,,,2024-06-11,107.53,unknown
6068.0,Tracy Macias,michael30@example.net,2021-08-08,2025-03-12,497.34,michigan
5330.0,Katherine Perry,claire73@example.org,2023-04-16,2025-02-05,95.37,florida
5457.0,Lindsay Jones,lphillips#example.com,,2025-01-28,0.0,
5573.0,David Jones,smithdonald@example.com,2023-01-31,2025-01-09,248.95,texas
1253.0,Fred Mckee,dunnalexander@example.net,2020-10-22,2025-03-02,305.59,colorado
7734.0,Sabrina Schneider,epatton@example.org,2024-10-14,2024-09-16,329.85,georgia
,Brian Foster,johnstonelizabeth@example.net,,,,idaho
,Edward Baxter,vlam#example.org,,,,eastern
,Bryan Cook,invalid_email,,2024-05-13,0.0,
8823.0,Kendra Ross,clarkjennifer@example.org,2024-02-27,2025-03-27,411.16,new jersey
9625.0,Thomas Kelly,morganbrian@example.com,2025-04-20,2025-02-12,432.14,pennsylvania
3985.0,Anthony Brown,welchpaula@example.net,2024-05-08,2024-07-31,154.04,utah
2045.0,William Fox,morenojustin@example.net,2022-04-15,2025-02-15,126.8,montana
5946.0,Brian Khan,john75@example.com,2022-08-11,2025-02-07,351.13,oregon
8404.0,Sarah Miller,melindamitchell@example.net,,,68.5,eastern
8220.0,Kimberly Erickson,dwatts@example.net,2020-08-05,2024-07-01,314.64,oklahoma
3584.0,Joseph Fox,michael21@example.com,2023-04-22,2025-01-16,380.94,pennsylvania
9422.0,Lisa Robinson,littletim@example.net,2025-01-02,2025-03-07,50.19,california
4660.0,Monique Padilla,jordanmiller@example.org,2020-05-17,2024-11-17,401.6,mississippi
,,invalid_email,,,0.0,western
,Tyler Morton,yjackson#example.net,,,,western
2389.0,Juan Bentley,mccarthyjennifer@example.org,2025-02-27,2025-02-05,435.45,new mexico
9716.0,Michael Turner,ihampton#example.net,,2024-05-25,,new york
,Brittany Webb,invalid_email,,2024-05-13,55.02,
2147.0,Kimberly Smith,markjohnson@example.net,2023-07-11,2024-10-05,244.39,mississippi
3004.0,Noah Barrera,sadams@example.com,2025-03-05,2024-12-15,277.34,nebraska
9407.0,Mr. Caleb Dillon,tyler79@example.org,2025-03-09,2024-12-06,42.64,louisiana
7185.0,Christopher Haynes,williamfischer@example.org,2022-10-02,2024-10-07,389.53,maine
3713.0,John Bruce,invalid_email,,2024-07-30,226.5,unknown
,,fvalentine@example.net,,2024-09-14,,online
5781.0,Cheryl Bullock,qtaylor#example.org,,,,unknown
5291.0,Benjamin Gregory,barnettmegan@example.org,2025-01-30,2025-02-12,44.89,nebraska
6993.0,Randy Davis,terri87@example.com,2023-02-06,2025-03-20,345.37,michigan
7960.0,James Martin,leslie17@example.com,2020-09-04,2025-03-07,395.63,minnesota
9394.0,Stephanie Walker,benjaminthompson@example.com,2022-02-10,2024-11-07,46.35,michigan
,Mark Carr,invalid_email,,,154.85,unknown
6233.0,Michael Hernandez,judith45@example.com,2022-12-01,2024-10-22,474.27,south dakota
2901.0,Ronald Pratt,wallkevin@example.org,2023-02-12,2024-11-01,162.8,missouri
5866.0,Nancy Allen,jacob50@example.net,2024-05-17,2024-08-01,76.81,hawaii
7625.0,Mrs. Kathryn Meyers Dvm,harperangelica@example.org,2021-01-19,2025-01-28,44.12,pennsylvania
,Christina King,,,,471.81,western
,Maurice Palmer,dianecummings@example.net,,2024-05-13,,kansas
6748.0,John Flores,,,,,western
9805.0,Annette Thomas,kevin20#example.org,,2025-01-10,419.43,eastern
5597.0,Amber Robertson,shanelawrence@example.org,2020-12-23,2024-12-02,18.98,michigan
2184.0,David Gibson,fitzpatrickjohnny@example.net,2020-03-23,2024-10-17,246.05,north carolina
4989.0,Phillip Short Phd,mackphilip@example.net,2024-09-26,2025-01-27,451.32,south dakota
4346.0,Anthony Blankenship,mdunn@example.org,2021-07-30,2025-04-06,17.9,kansas
1967.0,Eric Davis,karen92@example.net,2022-05-23,2025-02-14,451.57,south carolina
,Kimberly Arnold,,,,,eastern
8194.0,Jeremy Morgan,phillipwade@example.net,2024-10-11,2024-06-01,252.17,alaska
,Marc Johnson,rschaefer@example.com,,,0.0,unknown
,Erica Hicks,wagneromar#example.com,,,0.0,
2785.0,Jeffrey Harris,martinezrobert@example.com,2023-09-15,2025-03-04,199.68,louisiana
8993.0,Margaret Koch,jordanallen@example.net,2022-02-26,2024-07-28,414.24,kansas
1811.0,Rachel Mejia,ywest@example.org,2021-05-26,2024-04-29,104.58,nebraska
3507.0,Shawn Lee,changdiamond@example.com,,2024-11-06,,western
7499.0,Kathleen Johnson,invalid_email,,2024-08-26,,unknown
8509.0,Matthew Avery,ksanders@example.net,2022-02-06,2024-08-31,443.58,missouri
1069.0,James Smith,zbeard@example.org,2021-05-04,2025-02-21,192.19,iowa
5192.0,Carolyn Moore,clarklisa@example.net,2020-07-01,2025-04-11,69.45,idaho
4399.0,Michael Taylor,robertaharvey@example.net,2024-06-21,2024-05-15,25.91,vermont
8658.0,Michael Barajas,kbryant@example.com,2022-11-25,2024-07-19,42.47,maine
3647.0,Samantha Meyer,bdominguez@example.com,2022-06-08,2024-11-01,13.9,georgia
2299.0,Troy Salinas,frobinson@example.com,2020-03-03,2024-06-04,197.55,virginia
9634.0,Mrs. Margaret Jensen,achang@example.net,2021-05-26,2024-11-25,167.6,idaho
6289.0,Joshua Kim,danielvega@example.com,2024-05-06,2025-03-02,499.98,wyoming
7848.0,Michelle Gates,larellano@example.net,2022-02-04,2024-07-12,441.75,utah
,,ashleyrowe@example.org,,,0.0,western
8387.0,Robin Burke,jfarmer@example.org,2023-01-19,2024-07-16,149.54,iowa
2895.0,Sandra Mahoney,cassandranorris@example.com,2021-03-21,2024-08-10,204.87,new hampshire
6959.0,William Garcia,qmccarthy@example.com,2021-03-25,2024-06-09,128.08,maine
9452.0,Jane Lester,joshuabush@example.com,2024-03-09,2024-10-12,363.48,new hampshire
5048.0,Kyle Adams,keithsimon@example.com,2022-10-23,2024-05-18,212.11,new mexico
4021.0,Jason Lee,jennifer09@example.com,2020-10-31,2025-03-29,84.19,georgia
9779.0,Gregory Smith,pdalton@example.com,2023-01-30,2024-08-30,127.25,south dakota
,,,,2024-06-25,,online
3752.0,Lawrence Sampson,invalid_email,,,,unknown
2314.0,Melissa Harper,gregory77#example.net,,,0.0,kentucky
2403.0,Kelly Meyers,crystal46@example.org,2024-09-30,2025-04-03,218.7,north dakota
1532.0,,malonetom@example.com,,,0.0,idaho
7139.0,Denise Watson,tiffany26@example.net,2023-08-05,2024-11-08,395.78,virginia
6403.0,Erin Bender,lesliedavis@example.org,2022-06-30,2025-01-16,29.25,delaware
7851.0,Peter Ramirez,invalid_email,,2025-03-29,26.03,
9816.0,Louis Hall,derek05@example.org,2021-12-11,2024-08-13,177.91,indiana
6495.0,Christopher Wells,cgomez@example.org,2020-01-27,2025-03-13,235.27,wyoming
6806.0,Monica Salazar,vjohnson@example.com,2022-05-21,2025-02-20,325.26,indiana
,Ashley Johnson,zwilliams#example.org,,2025-03-25,,unknown
4906.0,,cmiller@example.org,,,0.0,
6041.0,Julie Peterson,,,,268.52,online
6326.0,Amy Jones,invalid_email,,2025-01-14,255.28,western
,,lstone#example.com,,,139.39,
7114.0,Samantha Rocha,michael85@example.org,,2025-01-23,156.17,western
5966.0,Jeremy Anderson,ronald69@example.com,2020-09-11,2024-11-07,67.56,georgia
4411.0,John Hall,higginsoscar@example.org,2024-08-28,2024-11-08,238.02,new hampshire
8433.0,Nathan West,kylie93@example.com,2020-03-23,2024-12-01,23.01,massachusetts
2044.0,Sarah Jordan,mwhite@example.com,2020-09-17,2024-11-22,137.77,wyoming
4762.0,Samuel Chung,george34@example.net,,2024-08-12,,
4633.0,Lisa Lane,smithrichard@example.net,2020-07-06,2025-02-09,226.57,pennsylvania
3693.0,Michael Garcia,debra15@example.com,2023-11-02,2024-05-10,301.72,south carolina
8732.0,Edwin Gallagher,bsmith@example.net,2022-03-01,2024-07-10,158.85,new york
9655.0,Andrew Martinez,ylewis@example.org,2020-09-27,2024-10-02,367.1,michigan
8380.0,Brian Mooney,jonathan01@example.com,2023-04-02,2025-03-11,116.47,new york
9640.0,Samuel Stanley,sherrywilliams@example.org,2021-04-14,2024-05-22,363.53,vermont
,Gina Silva,lindsaywebb@example.org,,2024-04-27,0.0,
,Matthew Green,willisashley@example.org,,2025-02-04,,online
6206.0,Ronald Braun,anthony82@example.net,2020-02-28,2025-03-01,56.93,california
5105.0,Justin Smith,ncurry@example.net,2023-10-30,2024-05-03,435.17,virginia
1779.0,Cindy Barker,pamelamendoza@example.org,2021-05-06,2024-09-26,406.39,new jersey
3537.0,Ryan Reynolds,jsmith@example.com,2022-02-01,2024-06-08,373.89,delaware
9072.0,Michael Jones,jessicahenderson@example.com,2022-01-06,2024-07-10,72.9,minnesota
6499.0,Jerry Ramirez,william77@example.net,2023-03-28,2024-10-11,222.0,south dakota
1391.0,Linda West,michael83@example.com,2023-08-30,2024-10-27,372.41,missouri
7262.0,Felicia Wilson,jose20@example.net,2023-06-01,2025-01-04,89.51,pennsylvania
8805.0,Kayla Carroll,cindythomas@example.com,2020-05-25,2024-12-24,187.31,georgia
8411.0,Craig Bowman,feliciawaters@example.org,2020-01-21,2024-07-23,205.78,alabama
4066.0,Aaron Davis,blevinsscott@example.net,2021-03-21,2025-02-09,137.59,iowa
3998.0,,,,2025-03-21,155.32,online
3351.0,Kathleen Brown,patriciadavis@example.net,2023-12-08,2024-06-13,46.48,texas
9866.0,Scott Nunez,kiara54@example.com,2020-12-16,2024-12-19,327.05,illinois
6000.0,Tammy Rivera,jessicaliu@example.com,2020-04-25,2024-11-04,428.38,california
8613.0,Steven Jackson,allison40@example.net,2020-10-14,2024-06-13,467.99,connecticut
7516.0,Charles Lloyd,edwarddiaz@example.net,2024-02-16,2024-07-26,197.67,pennsylvania
9912.0,Randall Nelson,wrichardson@example.net,2020-05-11,2025-04-14,187.76,hawaii
,Alan Morse,sbrewer#example.com,,,,eastern
,,invalid_email,,2024-05-25,0.0,online
8363.0,Daniel Barrett,catherine75@example.net,2023-09-02,2025-02-03,187.54,ohio
1509.0,Jessica Williams,orodriguez@example.net,2023-01-29,2025-02-18,322.39,kentucky
4388.0,Kayla Marks,kenneth28@example.org,2024-04-05,2025-01-09,173.45,nevada
,,ysutton#example.org,,,358.42,western
9796.0,George Thomas,johnsonkim@example.com,2024-05-02,2024-11-10,46.56,virginia
3399.0,Shawn Weaver,jamesanderson@example.org,2023-10-18,2025-03-24,294.93,nevada
1197.0,Jason Briggs,michaelblackburn@example.net,2023-03-15,2024-06-15,322.97,mississippi
7785.0,Alicia Norris,angelasingh@example.com,2020-10-14,2024-09-27,494.98,arkansas
5907.0,Jeffrey Chavez,brockvanessa@example.org,2022-08-07,2024-10-06,490.75,vermont
5419.0,Adam Rodgers,plutz@example.org,2020-03-13,2024-07-08,375.98,delaware
3886.0,Eric Ellis,keith77@example.net,2023-12-09,2024-12-14,112.28,south carolina
5820.0,Wesley Hayes,mariamarquez@example.com,2023-09-15,2025-04-09,84.01,louisiana
1030.0,Alexander Jones,epeterson@example.com,2022-01-27,2024-10-05,218.8,north carolina
,Raymond Sherman,invalid_email,,2024-11-18,,western
9218.0,Thomas Fernandez,roblesmichael@example.net,2022-08-13,2025-04-15,282.92,wisconsin
9048.0,Jose Hansen,brandi11@example.com,,,0.0,rhode island
3210.0,Timothy Velasquez,tgregory@example.net,2020-10-06,2025-01-11,33.08,georgia
8779.0,Scott Gilmore,daughertykelly@example.org,2021-03-15,2024-05-02,172.09,arizona
7485.0,Jonathan Mueller Jr.,,,,,virginia
,,brownscott@example.com,,2024-05-14,,online
3640.0,Tina Gonzalez,youngfrank@example.org,2025-03-27,2024-05-04,375.05,hawaii
6520.0,Mrs. Lori Andrews,rachelwilliams@example.net,2023-10-29,2025-02-06,343.71,nevada
9764.0,Jeffery White,kevin18@example.com,2022-08-15,2024-09-26,188.15,new hampshire
6912.0,David Robinson,marciarichardson@example.org,2023-09-09,2024-06-21,192.31,tennessee
2355.0,Emily Garcia,ygrimes@example.org,2020-01-11,2024-07-01,420.52,kansas
3583.0,Emily Johnson,brian97@example.net,2021-01-12,2024-06-09,116.22,ohio
6352.0,Adam Davis,kristyjenkins@example.org,2021-02-03,2024-09-24,409.65,nebraska
,Xavier Bartlett,umiller@example.org,,,,unknown
1397.0,Amy Copeland,ebeck@example.org,,2024-05-01,0.0,unknown
8848.0,Brittany Turner,smithmichael@example.com,2023-10-10,2024-09-07,115.2,missouri
9143.0,Anna Bishop,anthony53@example.com,2021-01-03,2024-05-23,372.03,arizona
4288.0,Kristen Jones,rebeccajacobs@example.org,2022-09-23,2024-12-17,47.96,oklahoma
8339.0,Robert Moore,taylordarren@example.org,2023-08-21,2024-07-20,499.85,arkansas
2768.0,,stephen23@example.org,,2024-07-12,0.0,unknown
9537.0,Tiffany Washington,smithanthony@example.net,2023-07-19,2025-01-03,235.15,georgia
4544.0,Debra Jefferson,william68@example.org,2025-03-09,2025-03-27,415.75,nevada
6321.0,Shannon Best,ingramjacqueline@example.net,2021-04-11,2024-10-04,46.31,idaho
3572.0,Gina Robinson,ronaldscott@example.org,2021-11-06,2024-08-21,165.17,rhode island
6928.0,Craig Brown,gonzalezalexis@example.com,2023-06-27,2024-09-27,209.14,delaware
4176.0,Michael Martin,molly29@example.org,2023-10-17,2024-06-18,41.49,iowa
8056.0,Jordan Harvey,tballard@example.com,2023-10-19,2024-07-20,30.4,wisconsin
2522.0,Miguel Hill,johnfritz@example.org,2021-12-21,2024-08-03,444.76,california
1353.0,John Ayala,rodriguezsherri@example.org,2022-09-12,2024-07-19,371.84,north dakota
5374.0,Michael Padilla,mblake@example.com,2023-09-15,2024-11-04,234.19,oklahoma
1735.0,Stephanie Hall,bpage@example.org,2024-09-11,2024-09-12,51.57,iowa
7309.0,,invalid_email,,,476.41,eastern
3569.0,Frank Patton,jennifergreen@example.net,2024-11-01,2025-02-28,204.15,rhode island
9882.0,Matthew Robinson,morrowtina@example.com,2023-01-17,2024-06-23,67.97,arkansas
8355.0,George Miller,ewong@example.net,2021-02-19,2025-03-09,57.09,pennsylvania
3538.0,Jacqueline Turner,smithalexis@example.com,2024-04-13,2024-12-27,58.21,missouri
3777.0,Jessica Bailey,garciavalerie@example.com,2023-03-20,2025-03-17,367.94,ohio
5918.0,Robert Hill,ryan88@example.com,2022-11-09,2024-11-09,118.76,delaware
9956.0,Amy Shah,lindsay76@example.org,2021-02-17,2024-07-02,394.29,oregon
3798.0,Anthony Ortiz,eric07@example.net,2020-09-03,2025-04-15,98.96,new york
2012.0,Crystal Dunn,darryl06@example.net,,2024-09-03,29.39,online
7156.0,Carl Bryan,,,,443.79,kansas
4108.0,Jacob Yoder,wrightthomas@example.net,2021-09-22,2024-10-19,378.41,oregon
6184.0,Mary Lucas,heatherchan@example.net,,2024-05-03,479.32,western
7166.0,Donna Good,mturner@example.org,2021-04-18,2025-02-19,134.02,minnesota
,Benjamin Aguilar,williamskatelyn@example.com,,2024-12-15,0.0,western
8211.0,Jennifer Harris,,,2024-12-04,198.03,western
7360.0,John Williams,jared69@example.com,2021-01-01,2024-08-09,151.8,washington
3847.0,Jessica Hammond,rodrigueznorman@example.com,2020-07-30,2025-02-28,378.2,pennsylvania
5292.0,Russell Rogers,cummingslaura@example.com,2023-12-16,2025-01-13,466.6,nevada
1771.0,Connie Larson,loweryphillip@example.org,2021-10-28,2024-10-23,352.08,louisiana
9197.0,Dawn Snyder,nandrews@example.org,2023-01-20,2024-07-01,91.55,connecticut
4722.0,Amanda Clark,barbara69@example.org,2025-03-15,2025-01-16,94.05,arkansas
4418.0,Vincent Santos,urodriguez@example.org,2021-06-01,2025-01-08,120.97,colorado
4856.0,James Martin,yesenia00@example.net,2021-06-12,2024-08-24,461.67,ohio
7192.0,Tammy Weaver,howardjanet@example.org,2022-01-03,2024-11-26,393.74,illinois
7263.0,Charles Thomas,deborahvillarreal@example.com,2022-05-22,2025-01-30,40.46,pennsylvania
5532.0,Rita Durham,navarroroger@example.net,2024-03-25,2025-04-08,80.55,montana
6352.0,Matthew Johnson,paulmata@example.net,2021-03-30,2024-08-22,200.21,north carolina
3748.0,Tammy Doyle,matthew97@example.org,2021-04-10,2025-01-21,204.11,vermont
5232.0,Sherry Oconnor,ocisneros@example.net,2023-05-08,2024-08-28,31.38,washington
8642.0,Tracy Peters,state@example.org,2025-03-19,2024-06-30,38.0,tennessee
5696.0,Louis Roberts,abrown@example.com,2023-09-02,2024-12-08,475.71,new york
,,stephenwhite#example.net,,2024-07-26,367.86,eastern
7474.0,Ethan Andrews,dclements@example.net,2023-03-07,2025-01-10,159.04,missouri
7849.0,Ryan Lee,dalton30@example.com,2020-10-10,2024-09-30,179.42,massachusetts
3115.0,Krystal Gray,markdrake@example.com,2023-08-09,2025-01-22,107.38,mississippi
1526.0,Amanda White,invalid_email,,,0.0,eastern
9137.0,Samuel Perry Md,amy71@example.com,,2025-02-01,179.7,western
9140.0,Julie Allison,marylee@example.com,2024-03-08,2025-03-18,424.27,nevada
6739.0,Chad Fox,phoffman@example.com,2023-06-26,2024-06-03,204.06,minnesota
4531.0,Kevin Chase,parksjanet@example.org,2020-04-17,2024-09-22,392.97,delaware
8106.0,William Snyder,invalid_email,,2024-12-16,39.62,online
5466.0,Michelle Wong,harrismarvin@example.org,2022-05-16,2024-05-28,322.68,new jersey
8554.0,James Lopez,lauren70@example.org,2021-07-17,2024-11-18,300.06,nebraska
,Brooke Taylor,ylopez#example.org,,2024-10-20,,western
9473.0,Rodney Horton,invalid_email,,2024-12-07,0.0,eastern
9143.0,Joanna Garcia,halvarado@example.org,2021-06-14,2024-08-27,95.63,west virginia
4217.0,Patrick Gillespie,swells@example.net,2021-02-05,2025-02-27,175.68,connecticut
,Jennifer Gonzalez,jadams#example.com,,2024-09-05,345.61,new york
8962.0,,,,2024-12-23,,montana
6557.0,Cassandra Gutierrez,qbooth@example.com,2022-08-11,2024-09-25,90.65,new jersey
,Kimberly Adams,kevin45@example.org,,,,unknown
,Adam Foster,,,,,eastern
1214.0,Andrew Smith,thomasbailey@example.org,2022-11-25,2025-02-19,141.96,alabama
6094.0,Christopher Hill,davidheath@example.org,2021-05-24,2024-05-11,82.03,michigan
1359.0,Rick Harrington,danahernandez@example.com,2023-08-11,2024-10-13,58.15,new jersey
9569.0,Alexis Davis,oallen@example.com,2022-07-31,2024-09-24,473.03,oregon
3622.0,Marcus Park,ramosdavid@example.org,2023-05-27,2025-03-12,371.65,texas
1598.0,Samantha Wiley,dominiquegarcia@example.com,2020-06-25,2024-06-12,116.38,hawaii
9673.0,Christine Morgan,kim36#example.net,,2024-07-12,,eastern
9532.0,Sarah Hansen,edavis@example.net,2023-06-24,2024-05-04,150.65,new hampshire
4640.0,Brian Smith,lgarcia@example.net,2023-07-07,2024-12-06,234.54,south dakota
,Patrick Smith,,,,,western
4743.0,Gabriel Moreno,andrew84@example.net,2021-03-26,2024-09-30,214.06,illinois
6119.0,Sheryl Adams,jamesthompson@example.com,2023-06-09,2024-11-03,464.18,arkansas
4620.0,Joseph Lopez,jerrytaylor@example.org,2021-01-21,2024-08-21,208.85,arizona
1493.0,Charles Fleming,,,,415.41,online
3333.0,Aaron Smith,woodscody@example.org,2025-02-16,2025-04-15,490.37,washington
1510.0,Keith Eaton,brianna41@example.com,2021-04-21,2024-09-10,473.13,missouri
7861.0,Kathy Riley,samanthalittle@example.org,2024-04-03,2024-07-11,18.15,florida
2688.0,Ronald Duffy,mcclainjimmy@example.org,2022-02-18,2025-03-31,485.93,nevada
4465.0,Melissa Johnson,thomasbenjamin@example.org,2020-02-05,2024-08-31,486.14,virginia
2380.0,Ariana Maxwell,lutzkirsten@example.net,2022-11-25,2024-10-14,271.39,new hampshire
8130.0,Charlene Valencia,douglas85@example.net,2024-07-03,2024-06-22,106.32,colorado
,,,,2025-01-20,,unknown
,Lisa Christian,invalid_email,,,235.15,utah
5771.0,Sydney Ford,foxdana@example.com,2021-12-07,2024-05-21,164.21,utah
9226.0,Jerome Turner,markrobertson@example.net,2023-01-22,2024-07-16,470.65,michigan
,,yroberts@example.org,,2024-07-02,0.0,
,Sharon Adams,ronaldberry@example.org,,,51.25,
9448.0,Jody Parker,leahford@example.org,2024-10-15,2024-10-29,353.73,georgia
,,,,,,eastern
1716.0,Melissa Nicholson,lisawilson@example.net,2023-02-21,2024-06-03,348.96,new jersey
5513.0,Jennifer Lee,nataliedavies@example.net,2021-04-13,2024-04-25,148.81,west virginia
2518.0,Eric Ford,tmontoya@example.net,2022-01-13,2025-04-15,53.28,north dakota
1101.0,Jeremy Vasquez,gabrielataylor@example.com,2022-04-28,2024-10-04,429.3,arkansas
5312.0,,zwallace#example.net,,2024-06-05,12.38,online
2733.0,Christopher Brown,markchen@example.org,2025-02-01,2024-05-07,300.53,missouri
8584.0,Kristopher Gibson,cbailey@example.com,2024-03-09,2024-12-04,21.86,louisiana
4339.0,Sara Perry,jennifer20@example.org,2022-07-26,2025-03-23,264.12,connecticut
,Steven Hurst,,,,65.12,western
3802.0,Michelle Lee,groberts@example.com,2020-06-25,2025-03-06,362.77,oklahoma
1046.0,Marc Maxwell,cstout@example.net,2022-07-25,2025-02-25,340.36,oklahoma
6572.0,,sarahbenjamin@example.net,,,,unknown
,,invalid_email,,2024-04-28,0.0,online
2562.0,Melissa Webb,ruiztammy@example.org,2024-04-12,2024-11-14,98.35,louisiana
8823.0,Devon Frazier,tiffanywilson@example.net,2024-01-15,2024-11-04,454.44,utah
4874.0,Michael Bridges,wwolf@example.net,2022-01-04,2024-07-19,391.95,new jersey
6400.0,Lauren Spencer,oespinoza@example.org,2022-05-04,2025-01-04,172.23,south carolina
9704.0,Jennifer Clark,johnnyjohnson@example.net,2023-04-26,2025-04-14,223.06,colorado
3588.0,Robert Hubbard,zcardenas@example.net,2021-04-18,2024-09-19,128.33,new mexico
7360.0,Dr. William Pena,wellschristine@example.com,2020-12-21,2025-01-04,334.66,illinois
3008.0,Arthur Lopez,edward58@example.net,2025-01-23,2024-10-19,34.34,oklahoma
8678.0,Mark Poole,iking@example.org,2021-05-23,2024-09-24,480.32,colorado
1157.0,,,,,163.94,eastern
5305.0,Yesenia Bowers,robert25@example.com,2022-11-07,2024-12-05,226.58,iowa
7585.0,James Huynh,isaac82@example.com,2020-05-02,2024-06-05,195.76,iowa
3696.0,David Mack,rileymichael@example.com,,,0.0,
9443.0,Philip Cohen,stephanie77@example.com,2024-04-28,2024-09-04,118.15,pennsylvania
,Samantha Smith,joshuawells#example.org,,2025-02-08,,alaska
7314.0,Christopher Warren,robertharper@example.org,2024-03-19,2024-10-29,225.63,wyoming
9660.0,Natalie Mitchell,osmith@example.org,2020-05-03,2024-04-25,127.78,iowa
8395.0,Kevin Maldonado,wagnerkevin@example.com,2025-01-17,2024-06-15,403.88,pennsylvania
6012.0,,,,2024-04-27,0.0,eastern
5215.0,Shelby Hubbard,christopherblack@example.net,2021-08-20,2025-03-15,157.49,new mexico
7411.0,Christopher Thompson,snyderscott@example.org,2024-10-31,2024-12-06,308.02,hawaii
3626.0,John King,mooremichael@example.net,2024-01-16,2024-07-18,17.26,north dakota
1769.0,Larry Weiss,kingemily@example.org,2022-12-09,2024-11-12,414.86,texas
9575.0,Roger Orr,llee@example.org,2023-01-10,2025-01-09,442.5,oregon
1547.0,Alicia Romero,jimenezluke@example.com,2020-07-24,2024-06-02,421.85,alaska
4785.0,Cheryl Diaz,evanelliott@example.com,2024-09-15,2024-06-30,105.18,indiana
7228.0,Christina Stewart,solomonjustin@example.com,2021-03-27,2024-06-23,289.67,california
5172.0,Todd Guzman,mckayrachel@example.com,2020-07-23,2024-04-25,471.87,north dakota
5513.0,Dennis Russell,williamsspencer@example.net,2023-01-10,2025-01-20,390.12,arizona
7256.0,Elaine Smith,williamssharon@example.com,2021-01-07,2024-08-20,463.96,oklahoma
,Jennifer Salinas,invalid_email,,,,vermont
1886.0,Erin Schmidt,yberg@example.com,2021-08-28,2024-05-05,163.85,connecticut
6639.0,Gary Hebert,stacy44@example.net,2020-12-11,2024-06-26,438.47,oregon
1964.0,Mr. Brian Bowen,fritzvictoria@example.net,2020-03-04,2025-01-20,108.64,north carolina
