customer_id,name,email,signup_date,last_purchase,total_spent,region
8900,Amber Holt,werneramber@example.org,2023-01-17,2025-01-14,447.18,New Jersey
7888,Jody Grant,tfisher@example.net,2021-08-16,2024-04-23,330.23,New Jersey
,AMBER ESPINOZA,,10/16/2020,,19.82,Online
6609,Michael Macias,barnesdebra@example.net,2023-11-30,2024-06-19,224.02,Kentucky
8600,Beth Jones,jeffreyfreeman@example.net,2021-01-15,2024-11-19,89.08,Alabama
6697,Keith Henry,uabbott@example.com,2023-08-23,2025-02-03,456.1,Pennsylvania
4889,Scott Martin,jstanton@example.org,2021-03-10,2025-03-22,413.39,New Hampshire
,  Tammy Campbell  ,antonio16@example.com,2023-13-01,,423.36,  west  
2121,Daniel Jacobson PhD,irodgers@example.org,2021-02-24,2024-11-24,450.18,Massachusetts
3243,  Virginia Zavala  ,invalid_email,,,362.26,
5743,Michael Garcia Jr.,ljensen@example.net,2021-06-18,2024-08-07,379.74,Rhode Island
7038,Stephanie Rivera,josephbutler@example.com,2021-01-23,2025-03-22,54.27,Wyoming
9418,Peter Moore,herringmelvin@example.net,2020-03-29,2025-01-19,391.9,Iowa
4979,Kevin Mitchell,brenda31@example.org,2023-03-18,2024-12-08,48.58,Georgia
5301,Laura Best,greerangela@example.org,2024-10-17,2024-09-03,407.84,Hawaii
8591,Frederick Hamilton,michaelrodriguez@example.org,2024-11-06,2024-11-17,426.34,Texas
3317,Melanie Stewart,john55@example.com,2024-10-25,2024-06-25,267.61,Arkansas
1415,Jeffrey Jimenez,karen25@example.com,2020-08-12,2024-12-07,177.95,Alaska
8762,James Mccormick,karen39@example.org,2024-08-01,2025-03-16,195.55,Indiana
3580,Melissa Cook,joshuaburton@example.net,2020-05-15,2024-10-22,205.44,Oklahoma
,COLIN NELSON,ianruiz#example.com,"Jan 15, 2023",2025-01-12,,east
7456,Mike Edwards,valenzuelachristopher@example.com,2025-02-26,2024-11-21,390.05,West Virginia
5485,Jonathan Neal,james55@example.org,2020-10-17,2024-04-30,337.56,Wyoming
2414,Joanna Crawford,williamcampbell@example.com,2022-12-20,2024-12-16,447.56,Rhode Island
1285,,invalid_email,2023-13-01,2025-04-20,-100,Unknown
4337,Renee Baker,tracywalker@example.org,2022-08-18,2025-03-17,24.61,Vermont
6143,,beckerjohn@example.org,2023-13-01,2025-02-14,-100,Online
3757,Margaret Mcdowell,bcarey@example.org,2020-05-19,2024-10-28,296.56,Pennsylvania
2225,Thomas Dyer,ortiztasha@example.net,2021-01-01,2024-11-10,264.31,Illinois
9160,Carolyn Sanchez,jenningspaul@example.org,2020-09-01,2024-07-22,344.67,Kentucky
6269,MEGAN BOOKER,invalid_email,"Jan 15, 2023",2025-01-14,,Online
2852,jasmine griffin,nancysavage#example.com,"Jan 15, 2023",,-100,Unknown
6964,Shawn Hernandez,pbenson@example.com,2022-08-04,2025-01-07,431.68,Missouri
9708,Joseph Hudson,zsantos@example.org,2020-04-04,2024-06-04,283.75,New Hampshire
,scott bennett,,2023-13-01,,-100,Unknown
,,invalid_email,"Jan 15, 2023",,210.07,Hawaii
1882,Mark Bradley,jasonsteele@example.net,2022-09-15,2024-05-08,458.62,Pennsylvania
2262,JARED BOYD,williammoore#example.com,01/30/2021,2024-08-06,,Florida
9807,Ms. Michelle Payne MD,walkertracey@example.com,2021-03-10,2024-11-03,179.99,Wyoming
,lauren ferguson,okim@example.com,,,-100,east
3189,Christopher Smith,reidheather@example.org,2024-06-21,2024-11-23,269.22,West Virginia
2443,Mary York,aaron56@example.org,2024-05-24,2024-12-24,45.47,Kansas
8278,Brenda Fuentes,richard14@example.org,2020-01-02,2024-11-27,111.27,Washington
9439,Kathy Jordan,dianahenson@example.com,2023-08-09,2025-03-23,440.23,Utah
9313,Joseph Johnson,kennedyduane@example.com,2021-03-04,2024-07-03,321.43,Michigan
6920,Kevin Joyce,jodi78@example.com,2020-10-17,2024-10-21,304.8,Minnesota
9679,Kenneth Campbell,silvajessica@example.com,2021-11-02,2024-11-24,481.76,Iowa
6882,Kent Chang,powersholly@example.org,2021-05-27,2025-04-08,409.66,New Hampshire
2747,Andrea Beck,iwhite@example.net,2024-03-28,2024-08-16,295.32,Oklahoma
,SABRINA MCKINNEY,,06/23/2022,2024-09-28,-100,Unknown
,,invalid_email,,,-100,Unknown
2497,Steven Cervantes,emartinez@example.com,2022-08-22,2025-03-19,135.61,Hawaii
8350,Donna Wilson,rbaker@example.org,2024-01-01,2025-02-16,31.74,Kansas
2192,Jerome Mccullough,scottalexander@example.org,2020-02-14,2024-09-20,229.29,New Jersey
6831,Michael Baker,uwise@example.net,2023-05-23,2024-11-13,380.25,Tennessee
5252,Ronald Norman,adrianenglish@example.org,2023-08-26,2024-05-07,241.51,Illinois
4971,Zachary Burton,martinezdavid@example.net,2023-09-23,2024-11-06,301.47,Idaho
8396,Kenneth Kelly,porterderrick@example.net,2022-12-28,2024-04-29,361.66,New Hampshire
4433,Edward Brooks,nross@example.org,2025-03-22,2025-01-08,287.58,Hawaii
2726,Jason Simmons,rgomez@example.com,2022-01-12,2025-04-14,308.53,Missouri
8347,Daniel Bridges,april45@example.com,2022-08-23,2024-05-08,199.56,North Dakota
9134,James Weber,hcooper@example.com,2025-03-15,2025-03-01,381.18,Nevada
2893,Kevin Watkins,dcunningham@example.net,2020-05-27,2025-02-03,214.83,Michigan
2735,,hector88@example.net,,2024-12-28,,Online
,AMBER KLINE,invalid_email,2023-13-01,2025-02-19,186.52,Minnesota
,  Scott Griffin  ,,,2025-02-05,"1,000",Online
,HENRY WALKER,invalid_email,,2025-04-09,,Louisiana
8240,Michelle Mcgee,leachlauren@example.com,2023-02-02,2025-01-12,472.0,Arizona
1787,Chad Taylor,osbornedwin@example.com,2021-08-17,2025-03-12,335.23,Nebraska
4030,Peter Lutz,john37@example.com,2023-03-13,2024-06-15,352.66,Illinois
,  Jennifer Patel  ,destiny57#example.com,,,,east
4324,Adam Swanson PhD,staceycarson@example.org,2021-05-18,2025-03-09,410.55,Georgia
5485,,lambertterri@example.net,10/26/2022,,453.53,Hawaii
8034,Megan Thompson,corey25@example.com,2022-06-27,2025-03-11,162.15,Iowa
8930,  Thomas Barnett  ,williamslee@example.org,2023-13-01,,-100,Online
5909,Susan Villarreal,christopher81@example.com,2021-10-05,2025-03-23,418.24,Nevada
7668,Antonio Gray,lopezsarah@example.net,2021-06-09,2024-10-02,53.44,New Mexico
4422,Robert Garrett,brownstephanie@example.org,2024-09-19,2024-04-23,34.37,Missouri
4566,,mcdonaldtyler#example.org,"Jan 15, 2023",2024-12-09,,
3890,Ashley Allen,marshjustin@example.com,2023-05-01,2024-09-26,212.14,Massachusetts
6833,Dr. Robert Cross,smithnathaniel@example.com,2020-08-25,2024-07-14,359.26,Nebraska
6955,Taylor Smith,crossbrian@example.net,2024-02-29,2024-06-08,48.63,Georgia
2454,John Davidson,oturner@example.org,2022-09-09,2025-03-28,32.5,Florida
2477,Kristen Ortiz,amy76@example.org,2025-03-02,2025-03-17,178.84,Nebraska
3559,Roberto Glover,brandon31@example.org,2020-09-26,2024-11-07,462.59,West Virginia
4989,Jessica Mays,tthomas@example.net,2024-05-18,2025-01-17,84.2,Rhode Island
9506,Jason Hayes,amanda89@example.net,2025-01-01,2025-01-16,80.27,Utah
1217,Matthew Henson,psmith@example.net,2021-09-30,2025-04-16,394.59,Louisiana
7755,Richard Sanchez,robert71@example.com,2021-05-22,2024-06-02,442.82,Massachusetts
,  Daniel Cook  ,barnesrachel#example.net,2023-13-01,2024-07-08,,
5447,Wendy Rivera,jessica26@example.org,2023-10-05,2024-05-10,259.6,Florida
2920,raymond thompson,,,,,
7088,Darryl Cooper,woodsmaria@example.net,2021-01-11,2024-12-24,122.21,Tennessee
9504,thomas vasquez,brookemurray#example.net,"Jan 15, 2023",,-100,Online
5488,,kendraprice#example.net,"Jan 15, 2023",,"1,000",east
8103,Sarah Singh,richardbutler@example.org,2020-10-18,2024-05-16,275.27,Oregon
5926,Steven Mathis,aguirrekaren@example.org,2023-07-09,2024-04-28,401.64,Rhode Island
,RACHEL SCHROEDER,,,,,east
7711,Ashley Kelly,parkgregory@example.net,2021-01-09,2025-01-02,120.97,North Dakota
6346,Ralph Lopez,mark27@example.com,2021-05-03,2024-07-27,312.61,Wisconsin
2361,Robert Bush,haneymichael@example.com,2020-06-22,2024-11-20,311.89,Massachusetts
2795,Shelia Martinez,mwalker@example.com,2022-08-14,2024-10-16,244.95,Iowa
4316,Joshua Simmons,tsmith@example.net,2020-10-24,2024-07-07,362.35,Pennsylvania
1161,Lindsey Brown,obauer@example.net,2022-08-27,2025-03-12,293.88,Pennsylvania
9610,Diamond Schultz,carolynchambers@example.org,2022-09-22,2024-12-05,304.07,South Carolina
6618,Blake Gonzalez,etaylor@example.net,2020-05-05,2024-07-27,63.63,Vermont
3526,Jessica Martinez,charleswu@example.com,2022-12-21,2024-10-27,106.64,New York
6379,Tiffany Hammond,melanieross@example.com,2020-03-24,2024-06-07,428.9,New Jersey
7213,Johnny Pope,eric50@example.org,2020-09-15,2024-10-23,131.81,Wyoming
,,kmalone#example.com,"Jan 15, 2023",2024-11-13,469.87,
2052,Kenneth Parrish,gmorris@example.com,2023-06-13,2024-05-09,175.84,Montana
1944,Kyle Hall,leesusan@example.org,2023-10-18,2024-05-22,410.25,Alaska
7456,Melanie Thompson,kevin39@example.com,2022-06-03,2024-07-31,71.86,Nebraska
9314,Carol Warner,laurie42@example.net,2021-09-12,2025-04-17,356.35,Minnesota
1355,William Olsen,bbell@example.com,2021-02-11,2024-05-13,132.33,Utah
,,,2023-13-01,2025-04-05,,east
8762,Cody Ramirez,wrighterin@example.com,2024-01-07,2024-09-10,290.03,North Carolina
,  Shelby Walker  ,invalid_email,05/28/2021,,141.93,Unknown
,KELSEY TAYLOR,dlopez@example.org,03/05/2022,,-100,  west  
1016,Michelle Gonzalez,shannonblair@example.org,2023-11-21,2025-03-16,148.78,Iowa
5943,Debbie Roberts,seanmeyer@example.com,2024-04-12,2024-07-09,299.68,Wisconsin
4899,Ashley Dodson,woodjoshua@example.org,2024-09-01,2024-11-19,498.23,Alabama
,ANN CRAWFORD,,"Jan 15, 2023",,,
,  David Chambers  ,invalid_email,,2024-06-25,"1,000",  west  
2676,Dr. James Goodman,carol70@example.com,2024-10-20,2024-08-24,348.1,Massachusetts
1161,Richard Reed,robertmays@example.net,2024-02-05,2024-11-17,145.49,Alabama
9903,Andrew Yu,thomascummings@example.net,2022-01-29,2024-11-12,202.11,California
5300,Michael Thomas,guerrajeff@example.net,2021-01-27,2025-01-24,76.28,Missouri
3070,Donald Johnson,ryanrios@example.net,2022-06-20,2024-06-22,59.34,Florida
,KEITH NELSON,,04/29/2023,2024-11-13,-100,Unknown
4601,Christopher Simmons,lisaruiz@example.net,2020-07-17,2024-10-24,214.06,Iowa
3067,Jonathan Carrillo,andrewbrooks@example.com,2020-01-29,2025-04-09,97.69,Utah
8396,Daniel Schwartz,blackwilliam@example.net,2021-05-15,2025-03-03,179.72,Kentucky
5891,Lindsey Cole,daniellehoffman@example.com,2021-11-12,2024-06-30,234.86,Missouri
8245,April Peters,noahsimmons@example.net,2021-05-17,2025-01-22,312.32,Minnesota
,susan erickson,,09/15/2020,,-100,  west  
,DALE GONZALES,,10/28/2022,2024-05-16,,Oregon
8877,Kevin Stephenson,knoxryan@example.org,2023-01-17,2024-11-13,69.29,Hawaii
3857,,meyereric@example.net,2023-13-01,,,Massachusetts
3743,James Ingram,ffranco@example.net,2020-05-07,2024-11-21,50.51,Tennessee
1974,Cynthia Pena,sarahstone@example.com,2025-03-13,2025-03-08,58.0,Ohio
2518,Dwayne Sanchez,jeremiahtucker@example.com,2021-03-09,2024-08-01,345.97,Colorado
5643,Colin Cantrell,megan48@example.org,2025-04-15,2024-07-15,375.88,California
7005,Adrian May,jesus37@example.org,2022-05-20,2024-05-13,38.57,Utah
1249,Amy Kramer,ruthreed@example.com,2025-03-23,2024-10-06,89.68,Virginia
,MRS. JESSICA MITCHELL,invalid_email,2023-13-01,,"1,000",Online
2070,Roger Small,christophercabrera@example.org,2025-01-05,2024-04-30,168.16,North Carolina
2755,Jonathan Webster,rosejeremiah@example.com,2022-07-24,2024-12-22,428.22,Alaska
4728,Clayton Cruz,adam94@example.org,2020-12-28,2024-12-09,438.41,Wisconsin
,emily mcneil,,2023-13-01,,"1,000",Nevada
7144,LOGAN HENSLEY,penakristy@example.org,,2024-05-17,"1,000",Unknown
3129,,jaydaniels#example.org,"Jan 15, 2023",,,Unknown
4711,Keith Raymond,itanner@example.org,2023-05-06,2024-09-20,497.74,Tennessee
1901,Molly Morgan,kirbyjennifer@example.org,2021-11-02,2024-07-02,337.89,Utah
6064,Cindy Armstrong,hthomas@example.org,2024-08-15,2025-01-16,207.32,Delaware
2983,Anthony Shaffer,tanner18@example.net,2023-09-05,2024-10-18,175.78,Delaware
8764,Kathy Smith,coxstephanie@example.com,2020-11-11,2025-03-19,160.6,Utah
2173,Misty Jones,jenny21@example.com,2021-05-18,2024-06-25,175.26,Georgia
6899,Angela Carter,bgarcia@example.org,2022-12-24,2025-01-07,347.69,New Hampshire
5704,Johnny Adams,michael11@example.org,2023-10-18,2024-04-23,245.03,Louisiana
7060,Toni Chapman,vickiecunningham@example.net,2021-06-29,2024-04-30,79.15,Mississippi
5635,Michael Smith,devon02@example.com,2021-10-23,2024-12-12,273.92,Colorado
1774,PAUL RHODES,invalid_email,"Jan 15, 2023",,"1,000",Wisconsin
,,harringtonlucas#example.org,,2024-07-02,,Michigan
,  Jacob Nichols  ,,"Jan 15, 2023",,-100,
8433,Joshua Fisher,andrewglenn@example.org,2023-03-13,2024-08-17,307.64,Oklahoma
7291,Julian Robertson II,danielshelly@example.org,2023-12-11,2024-10-31,207.36,Nevada
9087,  Caleb Alexander  ,sarahroberts#example.com,04/21/2020,2025-03-24,"1,000",  west  
1387,Brandy Castillo,ggardner@example.org,2024-04-24,2025-04-18,477.13,Georgia
3981,Cynthia Moyer,zruiz@example.com,2023-03-29,2024-08-11,94.38,Kansas
9462,Tracey Butler,gavin54@example.com,2024-05-11,2024-11-19,44.26,Wyoming
,sarah morris,vernon27@example.com,06/24/2022,2024-08-25,,Utah
3894,RYAN ABBOTT,,2023-13-01,,,Unknown
9978,Nicole Castro,jerry15@example.org,2021-04-25,2025-01-18,327.11,Vermont
9567,Barbara Lopez,zedwards@example.net,2023-05-12,2025-02-18,147.77,New Jersey
7656,Jennifer Herrera,anncase@example.com,2022-07-03,2025-03-01,157.42,North Carolina
5583,frank kelley,invalid_email,"Jan 15, 2023",2024-05-20,,  west  
6668,jenna nelson,invalid_email,02/21/2020,,"1,000",Unknown
2599,Bradley Khan III,michael34@example.net,2020-08-05,2024-12-02,94.41,Virginia
7722,Kevin Larson,youngjulie@example.net,2020-12-04,2025-03-13,126.55,Idaho
4847,Ernest Gillespie,dmoore@example.org,2022-08-23,2024-09-02,120.36,Missouri
8064,  Brian Floyd  ,levymelissa#example.org,,,,Unknown
3821,joanne graham,invalid_email,04/25/2024,,"1,000",east
9479,Karen Brown,gespinoza@example.org,2020-05-10,2025-02-14,442.43,Rhode Island
1503,Sean Harmon,karen32@example.com,2023-07-14,2024-06-05,496.66,Pennsylvania
1372,Sharon Richardson,csanchez@example.com,2024-09-16,2024-07-22,465.17,Indiana
9987,Mandy Crawford,asmith@example.com,2021-12-25,2024-04-21,129.33,Ohio
2636,Michael Hughes,lori58@example.com,2020-10-26,2024-05-31,188.94,Pennsylvania
8849,Jesus Matthews,collinsjesus@example.net,2021-10-17,2024-12-04,165.79,Arkansas
4923,Daniel Holland,sprince@example.net,2023-05-13,2024-09-06,18.65,South Carolina
3409,Jeremy Smith,omckenzie@example.net,2021-11-29,2025-02-06,451.43,Vermont
5066,Beth Cole,wallacesarah@example.com,2020-03-20,2024-12-12,232.25,Minnesota
8046,Johnathan Foster,melanie31@example.com,2024-03-14,2024-05-28,59.5,Kentucky
6663,James Cruz,johnrivers@example.net,2020-08-05,2025-01-10,46.15,Arkansas
1367,Jennifer Smith,vmoore@example.org,2024-06-11,2024-11-10,211.3,Kansas
6619,Michael Griffin,bmills@example.org,2021-10-30,2025-02-07,451.57,Montana
1448,Nicholas Price,vasquezsusan@example.org,2022-10-31,2025-01-01,255.17,South Dakota
5450,Kevin Warner,wudylan@example.com,2024-09-17,2024-06-12,287.03,Rhode Island
4552,john lutz,tiffanyallen#example.com,11/20/2020,,-100,Online
,  Anthony Cruz  ,,,2024-06-11,107.53,Unknown
6068,Tracy Macias,michael30@example.net,2021-08-08,2025-03-12,497.34,Michigan
5330,Katherine Perry,claire73@example.org,2023-04-16,2025-02-05,95.37,Florida
5457,  Lindsay Jones  ,lphillips#example.com,"Jan 15, 2023",2025-01-28,-100,
5573,David Jones,smithdonald@example.com,2023-01-31,2025-01-09,248.95,Texas
1253,Fred Mckee,dunnalexander@example.net,2020-10-22,2025-03-02,305.59,Colorado
7734,Sabrina Schneider,epatton@example.org,2024-10-14,2024-09-16,329.85,Georgia
,brian foster,johnstonelizabeth@example.net,"Jan 15, 2023",,"1,000",Idaho
,EDWARD BAXTER,vlam#example.org,2023-13-01,,"1,000",east
,BRYAN COOK,invalid_email,"Jan 15, 2023",2024-05-13,-100,
8823,Kendra Ross,clarkjennifer@example.org,2024-02-27,2025-03-27,411.16,New Jersey
9625,Thomas Kelly,morganbrian@example.com,2025-04-20,2025-02-12,432.14,Pennsylvania
3985,Anthony Brown,welchpaula@example.net,2024-05-08,2024-07-31,154.04,Utah
2045,William Fox,morenojustin@example.net,2022-04-15,2025-02-15,126.8,Montana
5946,Brian Khan,john75@example.com,2022-08-11,2025-02-07,351.13,Oregon
8404,SARAH MILLER,melindamitchell@example.net,"Jan 15, 2023",,68.5,east
8220,Kimberly Erickson,dwatts@example.net,2020-08-05,2024-07-01,314.64,Oklahoma
3584,Joseph Fox,michael21@example.com,2023-04-22,2025-01-16,380.94,Pennsylvania
9422,Lisa Robinson,littletim@example.net,2025-01-02,2025-03-07,50.19,California
4660,Monique Padilla,jordanmiller@example.org,2020-05-17,2024-11-17,401.6,Mississippi
,,invalid_email,09/26/2021,,-100,  west  
,tyler morton,yjackson#example.net,03/06/2022,,,  west  
2389,Juan Bentley,mccarthyjennifer@example.org,2025-02-27,2025-02-05,435.45,New Mexico
9716,MICHAEL TURNER,ihampton#example.net,,2024-05-25,,New York
,BRITTANY WEBB,invalid_email,2023-13-01,2024-05-13,55.02,
2147,Kimberly Smith,markjohnson@example.net,2023-07-11,2024-10-05,244.39,Mississippi
3004,Noah Barrera,sadams@example.com,2025-03-05,2024-12-15,277.34,Nebraska
9407,Mr. Caleb Dillon,tyler79@example.org,2025-03-09,2024-12-06,42.64,Louisiana
7185,Christopher Haynes,williamfischer@example.org,2022-10-02,2024-10-07,389.53,Maine
3713,  John Bruce  ,invalid_email,,2024-07-30,226.5,Unknown
,,fvalentine@example.net,,2024-09-14,,Online
5781,cheryl bullock,qtaylor#example.org,"Jan 15, 2023",,,Unknown
5291,Benjamin Gregory,barnettmegan@example.org,2025-01-30,2025-02-12,44.89,Nebraska
6993,Randy Davis,terri87@example.com,2023-02-06,2025-03-20,345.37,Michigan
7960,James Martin,leslie17@example.com,2020-09-04,2025-03-07,395.63,Minnesota
9394,Stephanie Walker,benjaminthompson@example.com,2022-02-10,2024-11-07,46.35,Michigan
,mark carr,invalid_email,2023-13-01,,154.85,Unknown
6233,Michael Hernandez,judith45@example.com,2022-12-01,2024-10-22,474.27,South Dakota
2901,Ronald Pratt,wallkevin@example.org,2023-02-12,2024-11-01,162.8,Missouri
5866,Nancy Allen,jacob50@example.net,2024-05-17,2024-08-01,76.81,Hawaii
7625,Mrs. Kathryn Meyers DVM,harperangelica@example.org,2021-01-19,2025-01-28,44.12,Pennsylvania
,CHRISTINA KING,,10/21/2020,,471.81,  west  
,maurice palmer,dianecummings@example.net,"Jan 15, 2023",2024-05-13,"1,000",Kansas
6748,JOHN FLORES,,2023-13-01,,"1,000",  west  
9805,  Annette Thomas  ,kevin20#example.org,,2025-01-10,419.43,east
5597,Amber Robertson,shanelawrence@example.org,2020-12-23,2024-12-02,18.98,Michigan
2184,David Gibson,fitzpatrickjohnny@example.net,2020-03-23,2024-10-17,246.05,North Carolina
4989,Phillip Short PhD,mackphilip@example.net,2024-09-26,2025-01-27,451.32,South Dakota
4346,Anthony Blankenship,mdunn@example.org,2021-07-30,2025-04-06,17.9,Kansas
1967,Eric Davis,karen92@example.net,2022-05-23,2025-02-14,451.57,South Carolina
,  Kimberly Arnold  ,,2023-13-01,,"1,000",east
8194,Jeremy Morgan,phillipwade@example.net,2024-10-11,2024-06-01,252.17,Alaska
,  Marc Johnson  ,rschaefer@example.com,,,-100,Unknown
,ERICA HICKS,wagneromar#example.com,2023-13-01,,-100,
2785,Jeffrey Harris,martinezrobert@example.com,2023-09-15,2025-03-04,199.68,Louisiana
8993,Margaret Koch,jordanallen@example.net,2022-02-26,2024-07-28,414.24,Kansas
1811,Rachel Mejia,ywest@example.org,2021-05-26,2024-04-29,104.58,Nebraska
3507,shawn lee,changdiamond@example.com,01/06/2024,2024-11-06,"1,000",  west  
7499,  Kathleen Johnson  ,invalid_email,,2024-08-26,,Unknown
8509,Matthew Avery,ksanders@example.net,2022-02-06,2024-08-31,443.58,Missouri
1069,James Smith,zbeard@example.org,2021-05-04,2025-02-21,192.19,Iowa
5192,Carolyn Moore,clarklisa@example.net,2020-07-01,2025-04-11,69.45,Idaho
4399,Michael Taylor,robertaharvey@example.net,2024-06-21,2024-05-15,25.91,Vermont
8658,Michael Barajas,kbryant@example.com,2022-11-25,2024-07-19,42.47,Maine
3647,Samantha Meyer,bdominguez@example.com,2022-06-08,2024-11-01,13.9,Georgia
2299,Troy Salinas,frobinson@example.com,2020-03-03,2024-06-04,197.55,Virginia
9634,Mrs. Margaret Jensen,achang@example.net,2021-05-26,2024-11-25,167.6,Idaho
6289,Joshua Kim,danielvega@example.com,2024-05-06,2025-03-02,499.98,Wyoming
7848,Michelle Gates,larellano@example.net,2022-02-04,2024-07-12,441.75,Utah
,,ashleyrowe@example.org,06/12/2023,,-100,  west  
8387,Robin Burke,jfarmer@example.org,2023-01-19,2024-07-16,149.54,Iowa
2895,Sandra Mahoney,cassandranorris@example.com,2021-03-21,2024-08-10,204.87,New Hampshire
6959,William Garcia,qmccarthy@example.com,2021-03-25,2024-06-09,128.08,Maine
9452,Jane Lester,joshuabush@example.com,2024-03-09,2024-10-12,363.48,New Hampshire
5048,Kyle Adams,keithsimon@example.com,2022-10-23,2024-05-18,212.11,New Mexico
4021,Jason Lee,jennifer09@example.com,2020-10-31,2025-03-29,84.19,Georgia
9779,Gregory Smith,pdalton@example.com,2023-01-30,2024-08-30,127.25,South Dakota
,,,"Jan 15, 2023",2024-06-25,,Online
3752,lawrence sampson,invalid_email,2023-13-01,,"1,000",Unknown
2314,  Melissa Harper  ,gregory77#example.net,12/22/2020,,-100,Kentucky
2403,Kelly Meyers,crystal46@example.org,2024-09-30,2025-04-03,218.7,North Dakota
1532,,malonetom@example.com,,,-100,Idaho
7139,Denise Watson,tiffany26@example.net,2023-08-05,2024-11-08,395.78,Virginia
6403,Erin Bender,lesliedavis@example.org,2022-06-30,2025-01-16,29.25,Delaware
7851,peter ramirez,invalid_email,09/12/2020,2025-03-29,26.03,
9816,Louis Hall,derek05@example.org,2021-12-11,2024-08-13,177.91,Indiana
6495,Christopher Wells,cgomez@example.org,2020-01-27,2025-03-13,235.27,Wyoming
6806,Monica Salazar,vjohnson@example.com,2022-05-21,2025-02-20,325.26,Indiana
,ashley johnson,zwilliams#example.org,,2025-03-25,"1,000",Unknown
4906,,cmiller@example.org,,,-100,
6041,JULIE PETERSON,,03/21/2025,,268.52,Online
6326,  Amy Jones  ,invalid_email,"Jan 15, 2023",2025-01-14,255.28,  west  
,,lstone#example.com,"Jan 15, 2023",,139.39,
7114,samantha rocha,michael85@example.org,2023-13-01,2025-01-23,156.17,  west  
5966,Jeremy Anderson,ronald69@example.com,2020-09-11,2024-11-07,67.56,Georgia
4411,John Hall,higginsoscar@example.org,2024-08-28,2024-11-08,238.02,New Hampshire
8433,Nathan West,kylie93@example.com,2020-03-23,2024-12-01,23.01,Massachusetts
2044,Sarah Jordan,mwhite@example.com,2020-09-17,2024-11-22,137.77,Wyoming
4762,  Samuel Chung  ,george34@example.net,2023-13-01,2024-08-12,"1,000",
4633,Lisa Lane,smithrichard@example.net,2020-07-06,2025-02-09,226.57,Pennsylvania
3693,Michael Garcia,debra15@example.com,2023-11-02,2024-05-10,301.72,South Carolina
8732,Edwin Gallagher,bsmith@example.net,2022-03-01,2024-07-10,158.85,New York
9655,Andrew Martinez,ylewis@example.org,2020-09-27,2024-10-02,367.1,Michigan
8380,Brian Mooney,jonathan01@example.com,2023-04-02,2025-03-11,116.47,New York
9640,Samuel Stanley,sherrywilliams@example.org,2021-04-14,2024-05-22,363.53,Vermont
,  Gina Silva  ,lindsaywebb@example.org,03/11/2023,2024-04-27,-100,
,  Matthew Green  ,willisashley@example.org,2023-13-01,2025-02-04,"1,000",Online
6206,Ronald Braun,anthony82@example.net,2020-02-28,2025-03-01,56.93,California
5105,Justin Smith,ncurry@example.net,2023-10-30,2024-05-03,435.17,Virginia
1779,Cindy Barker,pamelamendoza@example.org,2021-05-06,2024-09-26,406.39,New Jersey
3537,Ryan Reynolds,jsmith@example.com,2022-02-01,2024-06-08,373.89,Delaware
9072,Michael Jones,jessicahenderson@example.com,2022-01-06,2024-07-10,72.9,Minnesota
6499,Jerry Ramirez,william77@example.net,2023-03-28,2024-10-11,222.0,South Dakota
1391,Linda West,michael83@example.com,2023-08-30,2024-10-27,372.41,Missouri
7262,Felicia Wilson,jose20@example.net,2023-06-01,2025-01-04,89.51,Pennsylvania
8805,Kayla Carroll,cindythomas@example.com,2020-05-25,2024-12-24,187.31,Georgia
8411,Craig Bowman,feliciawaters@example.org,2020-01-21,2024-07-23,205.78,Alabama
4066,Aaron Davis,blevinsscott@example.net,2021-03-21,2025-02-09,137.59,Iowa
3998,,,,2025-03-21,155.32,Online
3351,Kathleen Brown,patriciadavis@example.net,2023-12-08,2024-06-13,46.48,Texas
9866,Scott Nunez,kiara54@example.com,2020-12-16,2024-12-19,327.05,Illinois
6000,Tammy Rivera,jessicaliu@example.com,2020-04-25,2024-11-04,428.38,California
8613,Steven Jackson,allison40@example.net,2020-10-14,2024-06-13,467.99,Connecticut
7516,Charles Lloyd,edwarddiaz@example.net,2024-02-16,2024-07-26,197.67,Pennsylvania
9912,Randall Nelson,wrichardson@example.net,2020-05-11,2025-04-14,187.76,Hawaii
,ALAN MORSE,sbrewer#example.com,,,"1,000",east
,,invalid_email,2023-13-01,2024-05-25,-100,Online
8363,Daniel Barrett,catherine75@example.net,2023-09-02,2025-02-03,187.54,Ohio
1509,Jessica Williams,orodriguez@example.net,2023-01-29,2025-02-18,322.39,Kentucky
4388,Kayla Marks,kenneth28@example.org,2024-04-05,2025-01-09,173.45,Nevada
,,ysutton#example.org,01/15/2025,,358.42,  west  
9796,George Thomas,johnsonkim@example.com,2024-05-02,2024-11-10,46.56,Virginia
3399,Shawn Weaver,jamesanderson@example.org,2023-10-18,2025-03-24,294.93,Nevada
1197,Jason Briggs,michaelblackburn@example.net,2023-03-15,2024-06-15,322.97,Mississippi
7785,Alicia Norris,angelasingh@example.com,2020-10-14,2024-09-27,494.98,Arkansas
5907,Jeffrey Chavez,brockvanessa@example.org,2022-08-07,2024-10-06,490.75,Vermont
5419,Adam Rodgers,plutz@example.org,2020-03-13,2024-07-08,375.98,Delaware
3886,Eric Ellis,keith77@example.net,2023-12-09,2024-12-14,112.28,South Carolina
5820,Wesley Hayes,mariamarquez@example.com,2023-09-15,2025-04-09,84.01,Louisiana
1030,Alexander Jones,epeterson@example.com,2022-01-27,2024-10-05,218.8,North Carolina
,  Raymond Sherman  ,invalid_email,"Jan 15, 2023",2024-11-18,"1,000",  west  
9218,Thomas Fernandez,roblesmichael@example.net,2022-08-13,2025-04-15,282.92,Wisconsin
9048,jose hansen,brandi11@example.com,,,-100,Rhode Island
3210,Timothy Velasquez,tgregory@example.net,2020-10-06,2025-01-11,33.08,Georgia
8779,Scott Gilmore,daughertykelly@example.org,2021-03-15,2024-05-02,172.09,Arizona
7485,  Jonathan Mueller Jr.  ,,,,"1,000",Virginia
,,brownscott@example.com,,2024-05-14,"1,000",Online
3640,Tina Gonzalez,youngfrank@example.org,2025-03-27,2024-05-04,375.05,Hawaii
6520,Mrs. Lori Andrews,rachelwilliams@example.net,2023-10-29,2025-02-06,343.71,Nevada
9764,Jeffery White,kevin18@example.com,2022-08-15,2024-09-26,188.15,New Hampshire
6912,David Robinson,marciarichardson@example.org,2023-09-09,2024-06-21,192.31,Tennessee
2355,Emily Garcia,ygrimes@example.org,2020-01-11,2024-07-01,420.52,Kansas
3583,Emily Johnson,brian97@example.net,2021-01-12,2024-06-09,116.22,Ohio
6352,Adam Davis,kristyjenkins@example.org,2021-02-03,2024-09-24,409.65,Nebraska
,XAVIER BARTLETT,umiller@example.org,2023-13-01,,"1,000",Unknown
1397,amy copeland,ebeck@example.org,2023-13-01,2024-05-01,-100,Unknown
8848,Brittany Turner,smithmichael@example.com,2023-10-10,2024-09-07,115.2,Missouri
9143,Anna Bishop,anthony53@example.com,2021-01-03,2024-05-23,372.03,Arizona
4288,Kristen Jones,rebeccajacobs@example.org,2022-09-23,2024-12-17,47.96,Oklahoma
8339,Robert Moore,taylordarren@example.org,2023-08-21,2024-07-20,499.85,Arkansas
2768,,stephen23@example.org,09/30/2024,2024-07-12,-100,Unknown
9537,Tiffany Washington,smithanthony@example.net,2023-07-19,2025-01-03,235.15,Georgia
4544,Debra Jefferson,william68@example.org,2025-03-09,2025-03-27,415.75,Nevada
6321,Shannon Best,ingramjacqueline@example.net,2021-04-11,2024-10-04,46.31,Idaho
3572,Gina Robinson,ronaldscott@example.org,2021-11-06,2024-08-21,165.17,Rhode Island
6928,Craig Brown,gonzalezalexis@example.com,2023-06-27,2024-09-27,209.14,Delaware
4176,Michael Martin,molly29@example.org,2023-10-17,2024-06-18,41.49,Iowa
8056,Jordan Harvey,tballard@example.com,2023-10-19,2024-07-20,30.4,Wisconsin
2522,Miguel Hill,johnfritz@example.org,2021-12-21,2024-08-03,444.76,California
1353,John Ayala,rodriguezsherri@example.org,2022-09-12,2024-07-19,371.84,North Dakota
5374,Michael Padilla,mblake@example.com,2023-09-15,2024-11-04,234.19,Oklahoma
1735,Stephanie Hall,bpage@example.org,2024-09-11,2024-09-12,51.57,Iowa
7309,,invalid_email,10/10/2022,,476.41,east
3569,Frank Patton,jennifergreen@example.net,2024-11-01,2025-02-28,204.15,Rhode Island
9882,Matthew Robinson,morrowtina@example.com,2023-01-17,2024-06-23,67.97,Arkansas
8355,George Miller,ewong@example.net,2021-02-19,2025-03-09,57.09,Pennsylvania
3538,Jacqueline Turner,smithalexis@example.com,2024-04-13,2024-12-27,58.21,Missouri
3777,Jessica Bailey,garciavalerie@example.com,2023-03-20,2025-03-17,367.94,Ohio
5918,Robert Hill,ryan88@example.com,2022-11-09,2024-11-09,118.76,Delaware
9956,Amy Shah,lindsay76@example.org,2021-02-17,2024-07-02,394.29,Oregon
3798,Anthony Ortiz,eric07@example.net,2020-09-03,2025-04-15,98.96,New York
2012,  Crystal Dunn  ,darryl06@example.net,2023-13-01,2024-09-03,29.39,Online
7156,  Carl Bryan  ,,2023-13-01,,443.79,Kansas
4108,Jacob Yoder,wrightthomas@example.net,2021-09-22,2024-10-19,378.41,Oregon
6184,MARY LUCAS,heatherchan@example.net,,2024-05-03,479.32,  west  
7166,Donna Good,mturner@example.org,2021-04-18,2025-02-19,134.02,Minnesota
,  Benjamin Aguilar  ,williamskatelyn@example.com,"Jan 15, 2023",2024-12-15,-100,  west  
8211,jennifer harris,,2023-13-01,2024-12-04,198.03,  west  
7360,John Williams,jared69@example.com,2021-01-01,2024-08-09,151.8,Washington
3847,Jessica Hammond,rodrigueznorman@example.com,2020-07-30,2025-02-28,378.2,Pennsylvania
5292,Russell Rogers,cummingslaura@example.com,2023-12-16,2025-01-13,466.6,Nevada
1771,Connie Larson,loweryphillip@example.org,2021-10-28,2024-10-23,352.08,Louisiana
9197,Dawn Snyder,nandrews@example.org,2023-01-20,2024-07-01,91.55,Connecticut
4722,Amanda Clark,barbara69@example.org,2025-03-15,2025-01-16,94.05,Arkansas
4418,Vincent Santos,urodriguez@example.org,2021-06-01,2025-01-08,120.97,Colorado
4856,James Martin,yesenia00@example.net,2021-06-12,2024-08-24,461.67,Ohio
7192,Tammy Weaver,howardjanet@example.org,2022-01-03,2024-11-26,393.74,Illinois
7263,Charles Thomas,deborahvillarreal@example.com,2022-05-22,2025-01-30,40.46,Pennsylvania
5532,Rita Durham,navarroroger@example.net,2024-03-25,2025-04-08,80.55,Montana
6352,Matthew Johnson,paulmata@example.net,2021-03-30,2024-08-22,200.21,North Carolina
3748,Tammy Doyle,matthew97@example.org,2021-04-10,2025-01-21,204.11,Vermont
5232,Sherry Oconnor,ocisneros@example.net,2023-05-08,2024-08-28,31.38,Washington
8642,Tracy Peters,state@example.org,2025-03-19,2024-06-30,38.0,Tennessee
5696,Louis Roberts,abrown@example.com,2023-09-02,2024-12-08,475.71,New York
,,stephenwhite#example.net,02/12/2024,2024-07-26,367.86,east
7474,Ethan Andrews,dclements@example.net,2023-03-07,2025-01-10,159.04,Missouri
7849,Ryan Lee,dalton30@example.com,2020-10-10,2024-09-30,179.42,Massachusetts
3115,Krystal Gray,markdrake@example.com,2023-08-09,2025-01-22,107.38,Mississippi
1526,  Amanda White  ,invalid_email,"Jan 15, 2023",,-100,east
9137,  Samuel Perry MD  ,amy71@example.com,"Jan 15, 2023",2025-02-01,179.7,  west  
9140,Julie Allison,marylee@example.com,2024-03-08,2025-03-18,424.27,Nevada
6739,Chad Fox,phoffman@example.com,2023-06-26,2024-06-03,204.06,Minnesota
4531,Kevin Chase,parksjanet@example.org,2020-04-17,2024-09-22,392.97,Delaware
8106,WILLIAM SNYDER,invalid_email,02/28/2025,2024-12-16,39.62,Online
5466,Michelle Wong,harrismarvin@example.org,2022-05-16,2024-05-28,322.68,New Jersey
8554,James Lopez,lauren70@example.org,2021-07-17,2024-11-18,300.06,Nebraska
,brooke taylor,ylopez#example.org,11/26/2022,2024-10-20,,  west  
9473,RODNEY HORTON,invalid_email,10/25/2021,2024-12-07,-100,east
9143,Joanna Garcia,halvarado@example.org,2021-06-14,2024-08-27,95.63,West Virginia
4217,Patrick Gillespie,swells@example.net,2021-02-05,2025-02-27,175.68,Connecticut
,JENNIFER GONZALEZ,jadams#example.com,12/18/2022,2024-09-05,345.61,New York
8962,,,,2024-12-23,"1,000",Montana
6557,Cassandra Gutierrez,qbooth@example.com,2022-08-11,2024-09-25,90.65,New Jersey
,  Kimberly Adams  ,kevin45@example.org,"Jan 15, 2023",,,Unknown
,adam foster,,,,,east
1214,Andrew Smith,thomasbailey@example.org,2022-11-25,2025-02-19,141.96,Alabama
6094,Christopher Hill,davidheath@example.org,2021-05-24,2024-05-11,82.03,Michigan
1359,Rick Harrington,danahernandez@example.com,2023-08-11,2024-10-13,58.15,New Jersey
9569,Alexis Davis,oallen@example.com,2022-07-31,2024-09-24,473.03,Oregon
3622,Marcus Park,ramosdavid@example.org,2023-05-27,2025-03-12,371.65,Texas
1598,Samantha Wiley,dominiquegarcia@example.com,2020-06-25,2024-06-12,116.38,Hawaii
9673,christine morgan,kim36#example.net,,2024-07-12,"1,000",east
9532,Sarah Hansen,edavis@example.net,2023-06-24,2024-05-04,150.65,New Hampshire
4640,Brian Smith,lgarcia@example.net,2023-07-07,2024-12-06,234.54,South Dakota
,patrick smith,,08/06/2022,,"1,000",  west  
4743,Gabriel Moreno,andrew84@example.net,2021-03-26,2024-09-30,214.06,Illinois
6119,Sheryl Adams,jamesthompson@example.com,2023-06-09,2024-11-03,464.18,Arkansas
4620,Joseph Lopez,jerrytaylor@example.org,2021-01-21,2024-08-21,208.85,Arizona
1493,charles fleming,,12/29/2023,,415.41,Online
3333,Aaron Smith,woodscody@example.org,2025-02-16,2025-04-15,490.37,Washington
1510,Keith Eaton,brianna41@example.com,2021-04-21,2024-09-10,473.13,Missouri
7861,Kathy Riley,samanthalittle@example.org,2024-04-03,2024-07-11,18.15,Florida
2688,Ronald Duffy,mcclainjimmy@example.org,2022-02-18,2025-03-31,485.93,Nevada
4465,Melissa Johnson,thomasbenjamin@example.org,2020-02-05,2024-08-31,486.14,Virginia
2380,Ariana Maxwell,lutzkirsten@example.net,2022-11-25,2024-10-14,271.39,New Hampshire
8130,Charlene Valencia,douglas85@example.net,2024-07-03,2024-06-22,106.32,Colorado
,,,06/27/2024,2025-01-20,,Unknown
,  Lisa Christian  ,invalid_email,02/25/2024,,235.15,Utah
5771,Sydney Ford,foxdana@example.com,2021-12-07,2024-05-21,164.21,Utah
9226,Jerome Turner,markrobertson@example.net,2023-01-22,2024-07-16,470.65,Michigan
,,yroberts@example.org,,2024-07-02,-100,
,  Sharon Adams  ,ronaldberry@example.org,"Jan 15, 2023",,51.25,
9448,Jody Parker,leahford@example.org,2024-10-15,2024-10-29,353.73,Georgia
,,,"Jan 15, 2023",,,east
1716,Melissa Nicholson,lisawilson@example.net,2023-02-21,2024-06-03,348.96,New Jersey
5513,Jennifer Lee,nataliedavies@example.net,2021-04-13,2024-04-25,148.81,West Virginia
2518,Eric Ford,tmontoya@example.net,2022-01-13,2025-04-15,53.28,North Dakota
1101,Jeremy Vasquez,gabrielataylor@example.com,2022-04-28,2024-10-04,429.3,Arkansas
5312,,zwallace#example.net,"Jan 15, 2023",2024-06-05,12.38,Online
2733,Christopher Brown,markchen@example.org,2025-02-01,2024-05-07,300.53,Missouri
8584,Kristopher Gibson,cbailey@example.com,2024-03-09,2024-12-04,21.86,Louisiana
4339,Sara Perry,jennifer20@example.org,2022-07-26,2025-03-23,264.12,Connecticut
,STEVEN HURST,,,,65.12,  west  
3802,Michelle Lee,groberts@example.com,2020-06-25,2025-03-06,362.77,Oklahoma
1046,Marc Maxwell,cstout@example.net,2022-07-25,2025-02-25,340.36,Oklahoma
6572,,sarahbenjamin@example.net,,,,Unknown
,,invalid_email,2023-13-01,2024-04-28,-100,Online
2562,Melissa Webb,ruiztammy@example.org,2024-04-12,2024-11-14,98.35,Louisiana
8823,Devon Frazier,tiffanywilson@example.net,2024-01-15,2024-11-04,454.44,Utah
4874,Michael Bridges,wwolf@example.net,2022-01-04,2024-07-19,391.95,New Jersey
6400,Lauren Spencer,oespinoza@example.org,2022-05-04,2025-01-04,172.23,South Carolina
9704,Jennifer Clark,johnnyjohnson@example.net,2023-04-26,2025-04-14,223.06,Colorado
3588,Robert Hubbard,zcardenas@example.net,2021-04-18,2024-09-19,128.33,New Mexico
7360,Dr. William Pena,wellschristine@example.com,2020-12-21,2025-01-04,334.66,Illinois
3008,Arthur Lopez,edward58@example.net,2025-01-23,2024-10-19,34.34,Oklahoma
8678,Mark Poole,iking@example.org,2021-05-23,2024-09-24,480.32,Colorado
1157,,,,,163.94,east
5305,Yesenia Bowers,robert25@example.com,2022-11-07,2024-12-05,226.58,Iowa
7585,James Huynh,isaac82@example.com,2020-05-02,2024-06-05,195.76,Iowa
3696,david mack,rileymichael@example.com,"Jan 15, 2023",,-100,
9443,Philip Cohen,stephanie77@example.com,2024-04-28,2024-09-04,118.15,Pennsylvania
,  Samantha Smith  ,joshuawells#example.org,2023-13-01,2025-02-08,"1,000",Alaska
7314,Christopher Warren,robertharper@example.org,2024-03-19,2024-10-29,225.63,Wyoming
9660,Natalie Mitchell,osmith@example.org,2020-05-03,2024-04-25,127.78,Iowa
8395,Kevin Maldonado,wagnerkevin@example.com,2025-01-17,2024-06-15,403.88,Pennsylvania
6012,,,"Jan 15, 2023",2024-04-27,-100,east
5215,Shelby Hubbard,christopherblack@example.net,2021-08-20,2025-03-15,157.49,New Mexico
7411,Christopher Thompson,snyderscott@example.org,2024-10-31,2024-12-06,308.02,Hawaii
3626,John King,mooremichael@example.net,2024-01-16,2024-07-18,17.26,North Dakota
1769,Larry Weiss,kingemily@example.org,2022-12-09,2024-11-12,414.86,Texas
9575,Roger Orr,llee@example.org,2023-01-10,2025-01-09,442.5,Oregon
1547,Alicia Romero,jimenezluke@example.com,2020-07-24,2024-06-02,421.85,Alaska
4785,Cheryl Diaz,evanelliott@example.com,2024-09-15,2024-06-30,105.18,Indiana
7228,Christina Stewart,solomonjustin@example.com,2021-03-27,2024-06-23,289.67,California
5172,Todd Guzman,mckayrachel@example.com,2020-07-23,2024-04-25,471.87,North Dakota
5513,Dennis Russell,williamsspencer@example.net,2023-01-10,2025-01-20,390.12,Arizona
7256,Elaine Smith,williamssharon@example.com,2021-01-07,2024-08-20,463.96,Oklahoma
,JENNIFER SALINAS,invalid_email,"Jan 15, 2023",,"1,000",Vermont
1886,Erin Schmidt,yberg@example.com,2021-08-28,2024-05-05,163.85,Connecticut
6639,Gary Hebert,stacy44@example.net,2020-12-11,2024-06-26,438.47,Oregon
1964,Mr. Brian Bowen,fritzvictoria@example.net,2020-03-04,2025-01-20,108.64,North Carolina
